dummy,climateID,weatherID,jday,date,hour,Srad,wind,RH,rain,tmax,tmin,temperature,CO2
PF,PF_NE2022,PF_NE2022,91,4/1/2022,0,0,,,0,,,4.56,
PF,PF_NE2022,PF_NE2022,91,4/1/2022,1,0,,,0,,,3.93,
PF,PF_NE2022,PF_NE2022,91,4/1/2022,2,0,,,0,,,3.3,
PF,PF_NE2022,PF_NE2022,91,4/1/2022,3,0,,,0,,,2.66004,
PF,PF_NE2022,PF_NE2022,91,4/1/2022,4,0,,,0,,,2.45,
PF,PF_NE2022,PF_NE2022,91,4/1/2022,5,0,,,0,,,2.24,
PF,PF_NE2022,PF_NE2022,91,4/1/2022,6,0,,,0,,,2.02,
PF,PF_NE2022,PF_NE2022,91,4/1/2022,7,0.2552256,,,0,,,3.4,
PF,PF_NE2022,PF_NE2022,91,4/1/2022,8,0.829152,,,0,,,4.78,
PF,PF_NE2022,PF_NE2022,91,4/1/2022,9,1.2007368,,,0,,,6.15,
PF,PF_NE2022,PF_NE2022,91,4/1/2022,10,1.6848612,,,0,,,8.24,
PF,PF_NE2022,PF_NE2022,91,4/1/2022,11,2.1020112,,,0,,,10.34,
PF,PF_NE2022,PF_NE2022,91,4/1/2022,12,2.1953664,,,0,,,12.43,
PF,PF_NE2022,PF_NE2022,91,4/1/2022,13,2.1882924,,,0,,,12.97,
PF,PF_NE2022,PF_NE2022,91,4/1/2022,14,2.0873988,,,0,,,13.51,
PF,PF_NE2022,PF_NE2022,91,4/1/2022,15,2.1680172,,,0,,,14.05,
PF,PF_NE2022,PF_NE2022,91,4/1/2022,16,1.69965,,,0,,,13.39,
PF,PF_NE2022,PF_NE2022,91,4/1/2022,17,1.1253312,,,0,,,12.74,
PF,PF_NE2022,PF_NE2022,91,4/1/2022,18,0.4609728,,,0,,,12.08,
PF,PF_NE2022,PF_NE2022,91,4/1/2022,19,0.0322272,,,0,,,10.13,
PF,PF_NE2022,PF_NE2022,91,4/1/2022,20,0,,,0,,,8.18004,
PF,PF_NE2022,PF_NE2022,91,4/1/2022,21,0,,,0,,,6.23004,
PF,PF_NE2022,PF_NE2022,91,4/1/2022,22,0,,,0,,,6.08,
PF,PF_NE2022,PF_NE2022,91,4/1/2022,23,0,,,0,,,5.94,
PF,PF_NE2022,PF_NE2022,92,4/2/2022,0,0,,,0,,,5.80004,
PF,PF_NE2022,PF_NE2022,92,4/2/2022,1,0,,,0,,,5.44,
PF,PF_NE2022,PF_NE2022,92,4/2/2022,2,0,,,0,,,5.08004,
PF,PF_NE2022,PF_NE2022,92,4/2/2022,3,0,,,0,,,4.72,
PF,PF_NE2022,PF_NE2022,92,4/2/2022,4,0,,,0,,,4.33,
PF,PF_NE2022,PF_NE2022,92,4/2/2022,5,0,,,0,,,3.95,
PF,PF_NE2022,PF_NE2022,92,4/2/2022,6,0,,,0,,,3.56,
PF,PF_NE2022,PF_NE2022,92,4/2/2022,7,0.2758464,,,0,,,4.88,
PF,PF_NE2022,PF_NE2022,92,4/2/2022,8,0.8587584,,,0,,,6.21,
PF,PF_NE2022,PF_NE2022,92,4/2/2022,9,1.416384,,,0,,,7.53,
PF,PF_NE2022,PF_NE2022,92,4/2/2022,10,1.9812312,,,0,,,9.68004,
PF,PF_NE2022,PF_NE2022,92,4/2/2022,11,2.467782,,,0,,,11.84,
PF,PF_NE2022,PF_NE2022,92,4/2/2022,12,2.71449,,,0,,,13.99,
PF,PF_NE2022,PF_NE2022,92,4/2/2022,13,2.704518,,,0,,,14.99,
PF,PF_NE2022,PF_NE2022,92,4/2/2022,14,2.579544,,,0,,,15.99,
PF,PF_NE2022,PF_NE2022,92,4/2/2022,15,2.27592,,,0,,,16.99,
PF,PF_NE2022,PF_NE2022,92,4/2/2022,16,1.7859096,,,0,,,16.92,
PF,PF_NE2022,PF_NE2022,92,4/2/2022,17,1.1852352,,,0,,,16.86,
PF,PF_NE2022,PF_NE2022,92,4/2/2022,18,0.5501376,,,0,,,16.8,
PF,PF_NE2022,PF_NE2022,92,4/2/2022,19,0.0465696,,,0,,,14.94,
PF,PF_NE2022,PF_NE2022,92,4/2/2022,20,0,,,0,,,13.09,
PF,PF_NE2022,PF_NE2022,92,4/2/2022,21,0,,,0,,,11.23,
PF,PF_NE2022,PF_NE2022,92,4/2/2022,22,0,,,0,,,10.25,
PF,PF_NE2022,PF_NE2022,92,4/2/2022,23,0,,,0,,,9.26,
PF,PF_NE2022,PF_NE2022,93,4/3/2022,0,0,,,0,,,8.27,
PF,PF_NE2022,PF_NE2022,93,4/3/2022,1,0,,,0,,,7.45,
PF,PF_NE2022,PF_NE2022,93,4/3/2022,2,0,,,0,,,6.63,
PF,PF_NE2022,PF_NE2022,93,4/3/2022,3,0,,,0,,,5.81,
PF,PF_NE2022,PF_NE2022,93,4/3/2022,4,0,,,0,,,5.39,
PF,PF_NE2022,PF_NE2022,93,4/3/2022,5,0,,,0,,,4.98004,
PF,PF_NE2022,PF_NE2022,93,4/3/2022,6,0,,,0,,,4.56,
PF,PF_NE2022,PF_NE2022,93,4/3/2022,7,0.2828736,,,0,,,6.88,
PF,PF_NE2022,PF_NE2022,93,4/3/2022,8,0.8468352,,,0,,,9.19,
PF,PF_NE2022,PF_NE2022,93,4/3/2022,9,1.2347856,,,0,,,11.5,
PF,PF_NE2022,PF_NE2022,93,4/3/2022,10,1.7219592,,,0,,,12.54,
PF,PF_NE2022,PF_NE2022,93,4/3/2022,11,2.1414168,,,0,,,13.57,
PF,PF_NE2022,PF_NE2022,93,4/3/2022,12,2.4149664,,,0,,,14.6,
PF,PF_NE2022,PF_NE2022,93,4/3/2022,13,2.4050268,,,0,,,14.77,
PF,PF_NE2022,PF_NE2022,93,4/3/2022,14,2.2936932,,,0,,,14.94,
PF,PF_NE2022,PF_NE2022,93,4/3/2022,15,2.3132304,,,0,,,15.11,
PF,PF_NE2022,PF_NE2022,93,4/3/2022,16,1.816848,,,0,,,14.6,
PF,PF_NE2022,PF_NE2022,93,4/3/2022,17,1.2085056,,,0,,,14.09,
PF,PF_NE2022,PF_NE2022,93,4/3/2022,18,0.5459616,,,0,,,13.58,
PF,PF_NE2022,PF_NE2022,93,4/3/2022,19,0.054,,,0,,,11.6,
PF,PF_NE2022,PF_NE2022,93,4/3/2022,20,0,,,0,,,9.62,
PF,PF_NE2022,PF_NE2022,93,4/3/2022,21,0,,,0,,,7.64,
PF,PF_NE2022,PF_NE2022,93,4/3/2022,22,0,,,0,,,7.14,
PF,PF_NE2022,PF_NE2022,93,4/3/2022,23,0,,,0,,,6.64004,
PF,PF_NE2022,PF_NE2022,94,4/4/2022,0,0,,,0,,,6.14,
PF,PF_NE2022,PF_NE2022,94,4/4/2022,1,0,,,0,,,5.83,
PF,PF_NE2022,PF_NE2022,94,4/4/2022,2,0,,,0,,,5.52,
PF,PF_NE2022,PF_NE2022,94,4/4/2022,3,0,,,0,,,5.22,
PF,PF_NE2022,PF_NE2022,94,4/4/2022,4,0,,,0,,,4.68,
PF,PF_NE2022,PF_NE2022,94,4/4/2022,5,0,,,0,,,4.15,
PF,PF_NE2022,PF_NE2022,94,4/4/2022,6,0,,,0,,,3.62004,
PF,PF_NE2022,PF_NE2022,94,4/4/2022,7,0.3218112,,,0,,,5.17,
PF,PF_NE2022,PF_NE2022,94,4/4/2022,8,0.929088,,,0,,,6.72,
PF,PF_NE2022,PF_NE2022,94,4/4/2022,9,1.4565924,,,0,,,8.26,
PF,PF_NE2022,PF_NE2022,94,4/4/2022,10,2.0251944,,,0,,,10.74,
PF,PF_NE2022,PF_NE2022,94,4/4/2022,11,2.514582,,,0,,,13.22,
PF,PF_NE2022,PF_NE2022,94,4/4/2022,12,2.8407888,,,0,,,15.7,
PF,PF_NE2022,PF_NE2022,94,4/4/2022,13,2.8278036,,,0,,,16.92,
PF,PF_NE2022,PF_NE2022,94,4/4/2022,14,2.6966268,,,0,,,18.15,
PF,PF_NE2022,PF_NE2022,94,4/4/2022,15,2.44269,,,0,,,19.37,
PF,PF_NE2022,PF_NE2022,94,4/4/2022,16,1.92024,,,0,,,18.84,
PF,PF_NE2022,PF_NE2022,94,4/4/2022,17,1.28016,,,0,,,18.31,
PF,PF_NE2022,PF_NE2022,94,4/4/2022,18,0.487152,,,0,,,17.78,
PF,PF_NE2022,PF_NE2022,94,4/4/2022,19,0.0549216,,,0,,,16.1,
PF,PF_NE2022,PF_NE2022,94,4/4/2022,20,0,,,0,,,14.42,
PF,PF_NE2022,PF_NE2022,94,4/4/2022,21,0,,,0,,,12.74,
PF,PF_NE2022,PF_NE2022,94,4/4/2022,22,0,,,0,,,12.34,
PF,PF_NE2022,PF_NE2022,94,4/4/2022,23,0,,,0,,,11.94,
PF,PF_NE2022,PF_NE2022,95,4/5/2022,0,0,,,0,,,11.54,
PF,PF_NE2022,PF_NE2022,95,4/5/2022,1,0,,,0,,,10.8,
PF,PF_NE2022,PF_NE2022,95,4/5/2022,2,0,,,0,,,10.05,
PF,PF_NE2022,PF_NE2022,95,4/5/2022,3,0,,,0,,,9.31,
PF,PF_NE2022,PF_NE2022,95,4/5/2022,4,0,,,0,,,8.81,
PF,PF_NE2022,PF_NE2022,95,4/5/2022,5,0,,,0,,,8.31,
PF,PF_NE2022,PF_NE2022,95,4/5/2022,6,0,,,0,,,7.81,
PF,PF_NE2022,PF_NE2022,95,4/5/2022,7,0.2668608,,,0,,,9.44,
PF,PF_NE2022,PF_NE2022,95,4/5/2022,8,0.7449408,,,0,,,11.06,
PF,PF_NE2022,PF_NE2022,95,4/5/2022,9,1.2566232,,,0,,,12.69,
PF,PF_NE2022,PF_NE2022,95,4/5/2022,10,1.7420472,,,0,,,14.3,
PF,PF_NE2022,PF_NE2022,95,4/5/2022,11,2.1597552,,,0,,,15.91,
PF,PF_NE2022,PF_NE2022,95,4/5/2022,12,2.2330584,,,0,,,17.52,
PF,PF_NE2022,PF_NE2022,95,4/5/2022,13,2.2218912,,,0,,,16.48,
PF,PF_NE2022,PF_NE2022,95,4/5/2022,14,2.1186,,,0,,,15.44,
PF,PF_NE2022,PF_NE2022,95,4/5/2022,15,2.4000732,,,0,,,14.41,
PF,PF_NE2022,PF_NE2022,95,4/5/2022,16,1.8884448,,,0,,,13.33,
PF,PF_NE2022,PF_NE2022,95,4/5/2022,17,1.261728,,,0,,,12.26,
PF,PF_NE2022,PF_NE2022,95,4/5/2022,18,0.5225184,,,0,,,11.18,
PF,PF_NE2022,PF_NE2022,95,4/5/2022,19,0.0658944,,,0,,,9.42,
PF,PF_NE2022,PF_NE2022,95,4/5/2022,20,0,,,0,,,7.67,
PF,PF_NE2022,PF_NE2022,95,4/5/2022,21,0,,,0,,,5.91,
PF,PF_NE2022,PF_NE2022,95,4/5/2022,22,0,,,0,,,5.4,
PF,PF_NE2022,PF_NE2022,95,4/5/2022,23,0,,,0,,,4.9,
PF,PF_NE2022,PF_NE2022,96,4/6/2022,0,0,,,0,,,4.4,
PF,PF_NE2022,PF_NE2022,96,4/6/2022,1,0,,,0,,,3.79,
PF,PF_NE2022,PF_NE2022,96,4/6/2022,2,0,,,0,,,3.17,
PF,PF_NE2022,PF_NE2022,96,4/6/2022,3,0,,,0,,,2.55,
PF,PF_NE2022,PF_NE2022,96,4/6/2022,4,0,,,0,,,2.32,
PF,PF_NE2022,PF_NE2022,96,4/6/2022,5,0,,,0,,,2.08,
PF,PF_NE2022,PF_NE2022,96,4/6/2022,6,0,,,0,,,1.84,
PF,PF_NE2022,PF_NE2022,96,4/6/2022,7,0.3514752,,,0,,,3.55,
PF,PF_NE2022,PF_NE2022,96,4/6/2022,8,0.951084,,,0,,,5.25004,
PF,PF_NE2022,PF_NE2022,96,4/6/2022,9,1.2112344,,,0,,,6.96004,
PF,PF_NE2022,PF_NE2022,96,4/6/2022,10,1.6743204,,,0,,,8.01,
PF,PF_NE2022,PF_NE2022,96,4/6/2022,11,2.072682,,,0,,,9.06004,
PF,PF_NE2022,PF_NE2022,96,4/6/2022,12,1.9214244,,,0,,,10.1,
PF,PF_NE2022,PF_NE2022,96,4/6/2022,13,1.911006,,,0,,,10.3,
PF,PF_NE2022,PF_NE2022,96,4/6/2022,14,1.8220752,,,0,,,10.51,
PF,PF_NE2022,PF_NE2022,96,4/6/2022,15,1.6588476,,,0,,,10.71,
PF,PF_NE2022,PF_NE2022,96,4/6/2022,16,1.3063644,,,0,,,10.26,
PF,PF_NE2022,PF_NE2022,96,4/6/2022,17,0.8747136,,,0,,,9.81,
PF,PF_NE2022,PF_NE2022,96,4/6/2022,18,0.4331808,,,0,,,9.35,
PF,PF_NE2022,PF_NE2022,96,4/6/2022,19,0.0602496,,,0,,,8.58004,
PF,PF_NE2022,PF_NE2022,96,4/6/2022,20,0,,,0,,,7.81,
PF,PF_NE2022,PF_NE2022,96,4/6/2022,21,0,,,0,,,7.04,
PF,PF_NE2022,PF_NE2022,96,4/6/2022,22,0,,,0,,,6.86,
PF,PF_NE2022,PF_NE2022,96,4/6/2022,23,0,,,0,,,6.68,
PF,PF_NE2022,PF_NE2022,97,4/7/2022,0,0,,,0,,,6.49,
PF,PF_NE2022,PF_NE2022,97,4/7/2022,1,0,,,0,,,6.17,
PF,PF_NE2022,PF_NE2022,97,4/7/2022,2,0,,,0,,,5.84,
PF,PF_NE2022,PF_NE2022,97,4/7/2022,3,0,,,0,,,5.51,
PF,PF_NE2022,PF_NE2022,97,4/7/2022,4,0,,,0,,,5.19,
PF,PF_NE2022,PF_NE2022,97,4/7/2022,5,0,,,0,,,4.87,
PF,PF_NE2022,PF_NE2022,97,4/7/2022,6,0,,,0,,,4.56,
PF,PF_NE2022,PF_NE2022,97,4/7/2022,7,0.3426048,,,0,,,5.23,
PF,PF_NE2022,PF_NE2022,97,4/7/2022,8,0.9003564,,,0,,,5.91,
PF,PF_NE2022,PF_NE2022,97,4/7/2022,9,1.51065,,,0,,,6.59,
PF,PF_NE2022,PF_NE2022,97,4/7/2022,10,2.0824632,,,0,,,7.54,
PF,PF_NE2022,PF_NE2022,97,4/7/2022,11,2.5741188,,,0,,,8.49,
PF,PF_NE2022,PF_NE2022,97,4/7/2022,12,2.8734048,,,0,,,9.44,
PF,PF_NE2022,PF_NE2022,97,4/7/2022,13,2.8566936,,,0,,,10.16,
PF,PF_NE2022,PF_NE2022,97,4/7/2022,14,2.7234936,,,0,,,10.88,
PF,PF_NE2022,PF_NE2022,97,4/7/2022,15,2.4406668,,,0,,,11.6,
PF,PF_NE2022,PF_NE2022,97,4/7/2022,16,1.9237932,,,0,,,11.14,
PF,PF_NE2022,PF_NE2022,97,4/7/2022,17,1.2908736,,,0,,,10.68,
PF,PF_NE2022,PF_NE2022,97,4/7/2022,18,0.5452992,,,0,,,10.23,
PF,PF_NE2022,PF_NE2022,97,4/7/2022,19,0.0826848,,,0,,,8.85,
PF,PF_NE2022,PF_NE2022,97,4/7/2022,20,0,,,0,,,7.48004,
PF,PF_NE2022,PF_NE2022,97,4/7/2022,21,0,,,0,,,6.11,
PF,PF_NE2022,PF_NE2022,97,4/7/2022,22,0,,,0,,,5.5,
PF,PF_NE2022,PF_NE2022,97,4/7/2022,23,0,,,0,,,4.9,
PF,PF_NE2022,PF_NE2022,98,4/8/2022,0,0,,,0,,,4.29004,
PF,PF_NE2022,PF_NE2022,98,4/8/2022,1,0,,,0,,,3.49004,
PF,PF_NE2022,PF_NE2022,98,4/8/2022,2,0,,,0,,,2.69004,
PF,PF_NE2022,PF_NE2022,98,4/8/2022,3,0,,,0,,,1.89,
PF,PF_NE2022,PF_NE2022,98,4/8/2022,4,0,,,0,,,1.15,
PF,PF_NE2022,PF_NE2022,98,4/8/2022,5,0,,,0,,,0.4,
PF,PF_NE2022,PF_NE2022,98,4/8/2022,6,0,,,0,,,-0.34,
PF,PF_NE2022,PF_NE2022,98,4/8/2022,7,0.3834432,,,0,,,1.15,
PF,PF_NE2022,PF_NE2022,98,4/8/2022,8,0.98064,,,0,,,2.64,
PF,PF_NE2022,PF_NE2022,98,4/8/2022,9,1.5422472,,,0,,,4.14,
PF,PF_NE2022,PF_NE2022,98,4/8/2022,10,2.1202344,,,0,,,6.07004,
PF,PF_NE2022,PF_NE2022,98,4/8/2022,11,2.617038,,,0,,,8.00004,
PF,PF_NE2022,PF_NE2022,98,4/8/2022,12,2.9237256,,,0,,,9.94004,
PF,PF_NE2022,PF_NE2022,98,4/8/2022,13,2.905596,,,0,,,10.93,
PF,PF_NE2022,PF_NE2022,98,4/8/2022,14,2.7698508,,,0,,,11.92,
PF,PF_NE2022,PF_NE2022,98,4/8/2022,15,2.5260084,,,0,,,12.92,
PF,PF_NE2022,PF_NE2022,98,4/8/2022,16,1.9927764,,,0,,,12.74,
PF,PF_NE2022,PF_NE2022,98,4/8/2022,17,1.3400064,,,0,,,12.56,
PF,PF_NE2022,PF_NE2022,98,4/8/2022,18,0.5695488,,,0,,,12.37,
PF,PF_NE2022,PF_NE2022,98,4/8/2022,19,0.093312,,,0,,,10.93,
PF,PF_NE2022,PF_NE2022,98,4/8/2022,20,0,,,0,,,9.49,
PF,PF_NE2022,PF_NE2022,98,4/8/2022,21,0,,,0,,,8.06,
PF,PF_NE2022,PF_NE2022,98,4/8/2022,22,0,,,0,,,6.74004,
PF,PF_NE2022,PF_NE2022,98,4/8/2022,23,0,,,0,,,5.43,
PF,PF_NE2022,PF_NE2022,99,4/9/2022,0,0,,,0,,,4.12,
PF,PF_NE2022,PF_NE2022,99,4/9/2022,1,0,,,0,,,3.56,
PF,PF_NE2022,PF_NE2022,99,4/9/2022,2,0,,,0,,,3,
PF,PF_NE2022,PF_NE2022,99,4/9/2022,3,0,,,0,,,2.45,
PF,PF_NE2022,PF_NE2022,99,4/9/2022,4,0,,,0,,,1.86004,
PF,PF_NE2022,PF_NE2022,99,4/9/2022,5,0,,,0,,,1.28004,
PF,PF_NE2022,PF_NE2022,99,4/9/2022,6,0,,,0,,,0.690039,
PF,PF_NE2022,PF_NE2022,99,4/9/2022,7,0.3927744,,,0,,,3.04,
PF,PF_NE2022,PF_NE2022,99,4/9/2022,8,0.9792036,,,0,,,5.39,
PF,PF_NE2022,PF_NE2022,99,4/9/2022,9,1.520712,,,0,,,7.74,
PF,PF_NE2022,PF_NE2022,99,4/9/2022,10,2.0851128,,,0,,,11.96,
PF,PF_NE2022,PF_NE2022,99,4/9/2022,11,2.5701192,,,0,,,16.18,
PF,PF_NE2022,PF_NE2022,99,4/9/2022,12,2.7939564,,,0,,,20.41,
PF,PF_NE2022,PF_NE2022,99,4/9/2022,13,2.7754956,,,0,,,22.52,
PF,PF_NE2022,PF_NE2022,99,4/9/2022,14,2.6456112,,,0,,,24.63,
PF,PF_NE2022,PF_NE2022,99,4/9/2022,15,2.2335912,,,0,,,26.75,
PF,PF_NE2022,PF_NE2022,99,4/9/2022,16,1.7636148,,,0,,,26.31,
PF,PF_NE2022,PF_NE2022,99,4/9/2022,17,1.1884032,,,0,,,25.88,
PF,PF_NE2022,PF_NE2022,99,4/9/2022,18,0.5638464,,,0,,,25.44,
PF,PF_NE2022,PF_NE2022,99,4/9/2022,19,0.0990432,,,0,,,22.85,
PF,PF_NE2022,PF_NE2022,99,4/9/2022,20,0,,,0,,,20.26,
PF,PF_NE2022,PF_NE2022,99,4/9/2022,21,0,,,0,,,17.67,
PF,PF_NE2022,PF_NE2022,99,4/9/2022,22,0,,,0,,,15.97,
PF,PF_NE2022,PF_NE2022,99,4/9/2022,23,0,,,0,,,14.26,
PF,PF_NE2022,PF_NE2022,100,4/10/2022,0,0,,,0,,,12.55,
PF,PF_NE2022,PF_NE2022,100,4/10/2022,1,0,,,0,,,10.85,
PF,PF_NE2022,PF_NE2022,100,4/10/2022,2,0,,,0,,,9.15,
PF,PF_NE2022,PF_NE2022,100,4/10/2022,3,0,,,0,,,7.46,
PF,PF_NE2022,PF_NE2022,100,4/10/2022,4,0,,,0,,,6.71004,
PF,PF_NE2022,PF_NE2022,100,4/10/2022,5,0,,,0,,,5.96,
PF,PF_NE2022,PF_NE2022,100,4/10/2022,6,0,,,0,,,5.21004,
PF,PF_NE2022,PF_NE2022,100,4/10/2022,7,0.4015872,,,0,,,6.64004,
PF,PF_NE2022,PF_NE2022,100,4/10/2022,8,0.9773964,,,0,,,8.06,
PF,PF_NE2022,PF_NE2022,100,4/10/2022,9,1.5119496,,,0,,,9.49,
PF,PF_NE2022,PF_NE2022,100,4/10/2022,10,2.0677932,,,0,,,10.84,
PF,PF_NE2022,PF_NE2022,100,4/10/2022,11,2.5451928,,,0,,,12.18,
PF,PF_NE2022,PF_NE2022,100,4/10/2022,12,2.7216648,,,0,,,13.53,
PF,PF_NE2022,PF_NE2022,100,4/10/2022,13,2.7025272,,,0,,,13.84,
PF,PF_NE2022,PF_NE2022,100,4/10/2022,14,2.5759764,,,0,,,14.15,
PF,PF_NE2022,PF_NE2022,100,4/10/2022,15,1.9397232,,,0,,,14.46,
PF,PF_NE2022,PF_NE2022,100,4/10/2022,16,1.5328512,,,0,,,13.92,
PF,PF_NE2022,PF_NE2022,100,4/10/2022,17,1.0350252,,,0,,,13.39,
PF,PF_NE2022,PF_NE2022,100,4/10/2022,18,0.5815008,,,0,,,12.85,
PF,PF_NE2022,PF_NE2022,100,4/10/2022,19,0.1088352,,,0,,,10.85,
PF,PF_NE2022,PF_NE2022,100,4/10/2022,20,0,,,0,,,8.85,
PF,PF_NE2022,PF_NE2022,100,4/10/2022,21,0,,,0,,,6.85,
PF,PF_NE2022,PF_NE2022,100,4/10/2022,22,0,,,0,,,5.84,
PF,PF_NE2022,PF_NE2022,100,4/10/2022,23,0,,,0,,,4.83,
PF,PF_NE2022,PF_NE2022,101,4/11/2022,0,0,,,0,,,3.83,
PF,PF_NE2022,PF_NE2022,101,4/11/2022,1,0,,,0,,,2.99,
PF,PF_NE2022,PF_NE2022,101,4/11/2022,2,0,,,0,,,2.16,
PF,PF_NE2022,PF_NE2022,101,4/11/2022,3,0,,,0,,,1.32,
PF,PF_NE2022,PF_NE2022,101,4/11/2022,4,0,,,0,,,0.89,
PF,PF_NE2022,PF_NE2022,101,4/11/2022,5,0,,,0,,,0.46,
PF,PF_NE2022,PF_NE2022,101,4/11/2022,6,0,,,0,,,0.04,
PF,PF_NE2022,PF_NE2022,101,4/11/2022,7,0.3777408,,,0,,,2.31,
PF,PF_NE2022,PF_NE2022,101,4/11/2022,8,0.8989272,,,0,,,4.58,
PF,PF_NE2022,PF_NE2022,101,4/11/2022,9,1.4182992,,,0,,,6.85,
PF,PF_NE2022,PF_NE2022,101,4/11/2022,10,1.9347732,,,0,,,9.22,
PF,PF_NE2022,PF_NE2022,101,4/11/2022,11,2.3782644,,,0,,,11.59,
PF,PF_NE2022,PF_NE2022,101,4/11/2022,12,2.8395432,,,0,,,13.95,
PF,PF_NE2022,PF_NE2022,101,4/11/2022,13,2.81862,,,0,,,15.24,
PF,PF_NE2022,PF_NE2022,101,4/11/2022,14,2.6864064,,,0,,,16.53,
PF,PF_NE2022,PF_NE2022,101,4/11/2022,15,2.2943016,,,0,,,17.82,
PF,PF_NE2022,PF_NE2022,101,4/11/2022,16,1.8145584,,,0,,,17.4,
PF,PF_NE2022,PF_NE2022,101,4/11/2022,17,1.2277584,,,0,,,16.97,
PF,PF_NE2022,PF_NE2022,101,4/11/2022,18,0.515808,,,0,,,16.54,
PF,PF_NE2022,PF_NE2022,101,4/11/2022,19,0.1023264,,,0,,,15.03,
PF,PF_NE2022,PF_NE2022,101,4/11/2022,20,0,,,0,,,13.52,
PF,PF_NE2022,PF_NE2022,101,4/11/2022,21,0,,,0,,,12,
PF,PF_NE2022,PF_NE2022,101,4/11/2022,22,0,,,0,,,11.05,
PF,PF_NE2022,PF_NE2022,101,4/11/2022,23,0,,,0,,,10.09,
PF,PF_NE2022,PF_NE2022,102,4/12/2022,0,0,,,0,,,9.13,
PF,PF_NE2022,PF_NE2022,102,4/12/2022,1,0,,,0,,,8.33,
PF,PF_NE2022,PF_NE2022,102,4/12/2022,2,0,,,0,,,7.54,
PF,PF_NE2022,PF_NE2022,102,4/12/2022,3,0,,,0,,,6.74,
PF,PF_NE2022,PF_NE2022,102,4/12/2022,4,0,,,0,,,6.31,
PF,PF_NE2022,PF_NE2022,102,4/12/2022,5,0,,,0,,,5.88,
PF,PF_NE2022,PF_NE2022,102,4/12/2022,6,0,,,0,,,5.45,
PF,PF_NE2022,PF_NE2022,102,4/12/2022,7,0.434304,,,0,,,7.42,
PF,PF_NE2022,PF_NE2022,102,4/12/2022,8,1.0117044,,,0,,,9.4,
PF,PF_NE2022,PF_NE2022,102,4/12/2022,9,1.4581116,,,0,,,11.38,
PF,PF_NE2022,PF_NE2022,102,4/12/2022,10,1.984176,,,0,,,14.93,
PF,PF_NE2022,PF_NE2022,102,4/12/2022,11,2.4357528,,,0,,,18.48,
PF,PF_NE2022,PF_NE2022,102,4/12/2022,12,2.67579,,,0,,,22.03,
PF,PF_NE2022,PF_NE2022,102,4/12/2022,13,2.6550612,,,0,,,20.15,
PF,PF_NE2022,PF_NE2022,102,4/12/2022,14,2.5303824,,,0,,,18.27,
PF,PF_NE2022,PF_NE2022,102,4/12/2022,15,1.6754976,,,0,,,16.39,
PF,PF_NE2022,PF_NE2022,102,4/12/2022,16,1.3262508,,,0,,,14.27,
PF,PF_NE2022,PF_NE2022,102,4/12/2022,17,0.8991504,,,0,,,12.14,
PF,PF_NE2022,PF_NE2022,102,4/12/2022,18,0.2359296,,,0,,,10.01,
PF,PF_NE2022,PF_NE2022,102,4/12/2022,19,0.0493632,,,0,,,8.98,
PF,PF_NE2022,PF_NE2022,102,4/12/2022,20,0,,,0,,,7.96,
PF,PF_NE2022,PF_NE2022,102,4/12/2022,21,0,,,0,,,6.93,
PF,PF_NE2022,PF_NE2022,102,4/12/2022,22,0,,,0,,,5.8,
PF,PF_NE2022,PF_NE2022,102,4/12/2022,23,0,,,0,,,4.66,
PF,PF_NE2022,PF_NE2022,103,4/13/2022,0,0,,,0,,,3.53,
PF,PF_NE2022,PF_NE2022,103,4/13/2022,1,0,,,0,,,2.46,
PF,PF_NE2022,PF_NE2022,103,4/13/2022,2,0,,,0,,,1.39,
PF,PF_NE2022,PF_NE2022,103,4/13/2022,3,0,,,0,,,0.32,
PF,PF_NE2022,PF_NE2022,103,4/13/2022,4,0,,,0,,,-0.95,
PF,PF_NE2022,PF_NE2022,103,4/13/2022,5,0,,,0,,,-2.21,
PF,PF_NE2022,PF_NE2022,103,4/13/2022,6,0,,,0,,,-3.47,
PF,PF_NE2022,PF_NE2022,103,4/13/2022,7,0.4693824,,,0,,,-2.86,
PF,PF_NE2022,PF_NE2022,103,4/13/2022,8,1.07181,,,0,,,-2.24,
PF,PF_NE2022,PF_NE2022,103,4/13/2022,9,1.6211304,,,0,,,-1.62,
PF,PF_NE2022,PF_NE2022,103,4/13/2022,10,2.2007628,,,0,,,0.34,
PF,PF_NE2022,PF_NE2022,103,4/13/2022,11,2.6981316,,,0,,,2.29,
PF,PF_NE2022,PF_NE2022,103,4/13/2022,12,2.9848824,,,0,,,4.25,
PF,PF_NE2022,PF_NE2022,103,4/13/2022,13,2.9607084,,,0,,,5.21,
PF,PF_NE2022,PF_NE2022,103,4/13/2022,14,2.8215288,,,0,,,6.17,
PF,PF_NE2022,PF_NE2022,103,4/13/2022,15,2.5654932,,,0,,,7.14,
PF,PF_NE2022,PF_NE2022,103,4/13/2022,16,2.0324628,,,0,,,6.79,
PF,PF_NE2022,PF_NE2022,103,4/13/2022,17,1.3806072,,,0,,,6.44,
PF,PF_NE2022,PF_NE2022,103,4/13/2022,18,0.6193728,,,0,,,6.1,
PF,PF_NE2022,PF_NE2022,103,4/13/2022,19,0.1361376,,,0,,,3.97,
PF,PF_NE2022,PF_NE2022,103,4/13/2022,20,0,,,0,,,1.85,
PF,PF_NE2022,PF_NE2022,103,4/13/2022,21,0,,,0,,,-0.28,
PF,PF_NE2022,PF_NE2022,103,4/13/2022,22,0,,,0,,,-0.98,
PF,PF_NE2022,PF_NE2022,103,4/13/2022,23,0,,,0,,,-1.68,
PF,PF_NE2022,PF_NE2022,104,4/14/2022,0,0,,,0,,,-2.38,
PF,PF_NE2022,PF_NE2022,104,4/14/2022,1,0,,,0,,,-2.87,
PF,PF_NE2022,PF_NE2022,104,4/14/2022,2,0,,,0,,,-3.35,
PF,PF_NE2022,PF_NE2022,104,4/14/2022,3,0,,,0,,,-3.84,
PF,PF_NE2022,PF_NE2022,104,4/14/2022,4,0,,,0,,,-4.65,
PF,PF_NE2022,PF_NE2022,104,4/14/2022,5,0,,,0,,,-5.47,
PF,PF_NE2022,PF_NE2022,104,4/14/2022,6,0,,,0,,,-6.28,
PF,PF_NE2022,PF_NE2022,104,4/14/2022,7,0.482112,,,0,,,-3.94,
PF,PF_NE2022,PF_NE2022,104,4/14/2022,8,1.0801512,,,0,,,-1.6,
PF,PF_NE2022,PF_NE2022,104,4/14/2022,9,1.624896,,,0,,,0.73,
PF,PF_NE2022,PF_NE2022,104,4/14/2022,10,2.2007088,,,0,,,3.54,
PF,PF_NE2022,PF_NE2022,104,4/14/2022,11,2.6946108,,,0,,,6.34,
PF,PF_NE2022,PF_NE2022,104,4/14/2022,12,2.843964,,,0,,,9.14,
PF,PF_NE2022,PF_NE2022,104,4/14/2022,13,2.8199304,,,0,,,10.4,
PF,PF_NE2022,PF_NE2022,104,4/14/2022,14,2.687166,,,0,,,11.65,
PF,PF_NE2022,PF_NE2022,104,4/14/2022,15,2.3841036,,,0,,,12.9,
PF,PF_NE2022,PF_NE2022,104,4/14/2022,16,1.8902916,,,0,,,13.08,
PF,PF_NE2022,PF_NE2022,104,4/14/2022,17,1.2865284,,,0,,,13.25,
PF,PF_NE2022,PF_NE2022,104,4/14/2022,18,0.487008,,,0,,,13.42,
PF,PF_NE2022,PF_NE2022,104,4/14/2022,19,0.112032,,,0,,,10.84,
PF,PF_NE2022,PF_NE2022,104,4/14/2022,20,0,,,0,,,8.27,
PF,PF_NE2022,PF_NE2022,104,4/14/2022,21,0,,,0,,,5.69,
PF,PF_NE2022,PF_NE2022,104,4/14/2022,22,0,,,0,,,4.48,
PF,PF_NE2022,PF_NE2022,104,4/14/2022,23,0,,,0,,,3.27,
PF,PF_NE2022,PF_NE2022,105,4/15/2022,0,0,,,0,,,2.06,
PF,PF_NE2022,PF_NE2022,105,4/15/2022,1,0,,,0,,,1.12,
PF,PF_NE2022,PF_NE2022,105,4/15/2022,2,0,,,0,,,0.18,
PF,PF_NE2022,PF_NE2022,105,4/15/2022,3,0,,,0,,,-0.76,
PF,PF_NE2022,PF_NE2022,105,4/15/2022,4,0,,,0,,,-1.65,
PF,PF_NE2022,PF_NE2022,105,4/15/2022,5,0,,,0,,,-2.54,
PF,PF_NE2022,PF_NE2022,105,4/15/2022,6,0,,,0,,,-3.42,
PF,PF_NE2022,PF_NE2022,105,4/15/2022,7,0.4852224,,,0,,,-2.04,
PF,PF_NE2022,PF_NE2022,105,4/15/2022,8,1.0679544,,,0,,,-0.66,
PF,PF_NE2022,PF_NE2022,105,4/15/2022,9,1.5106608,,,0,,,0.72,
PF,PF_NE2022,PF_NE2022,105,4/15/2022,10,2.0413152,,,0,,,2.26,
PF,PF_NE2022,PF_NE2022,105,4/15/2022,11,2.4964164,,,0,,,3.8,
PF,PF_NE2022,PF_NE2022,105,4/15/2022,12,2.8031724,,,0,,,5.34,
PF,PF_NE2022,PF_NE2022,105,4/15/2022,13,2.7785556,,,0,,,6.58,
PF,PF_NE2022,PF_NE2022,105,4/15/2022,14,2.6476704,,,0,,,7.81,
PF,PF_NE2022,PF_NE2022,105,4/15/2022,15,2.5352352,,,0,,,9.05,
PF,PF_NE2022,PF_NE2022,105,4/15/2022,16,2.0117916,,,0,,,8.71,
PF,PF_NE2022,PF_NE2022,105,4/15/2022,17,1.3718304,,,0,,,8.36004,
PF,PF_NE2022,PF_NE2022,105,4/15/2022,18,0.6109632,,,0,,,8.02004,
PF,PF_NE2022,PF_NE2022,105,4/15/2022,19,0.1466784,,,0,,,5.91004,
PF,PF_NE2022,PF_NE2022,105,4/15/2022,20,0,,,0,,,3.8,
PF,PF_NE2022,PF_NE2022,105,4/15/2022,21,0,,,0,,,1.69,
PF,PF_NE2022,PF_NE2022,105,4/15/2022,22,0,,,0,,,1.18,
PF,PF_NE2022,PF_NE2022,105,4/15/2022,23,0,,,0,,,0.68,
PF,PF_NE2022,PF_NE2022,106,4/16/2022,0,0,,,0,,,0.170039,
PF,PF_NE2022,PF_NE2022,106,4/16/2022,1,0,,,0,,,-0.9,
PF,PF_NE2022,PF_NE2022,106,4/16/2022,2,0,,,0,,,-1.97,
PF,PF_NE2022,PF_NE2022,106,4/16/2022,3,0,,,0,,,-3.03,
PF,PF_NE2022,PF_NE2022,106,4/16/2022,4,0,,,0,,,-3.46,
PF,PF_NE2022,PF_NE2022,106,4/16/2022,5,0,,,0,,,-3.88,
PF,PF_NE2022,PF_NE2022,106,4/16/2022,6,0,,,0,,,-4.31,
PF,PF_NE2022,PF_NE2022,106,4/16/2022,7,0.4961088,,,0,,,-2.6,
PF,PF_NE2022,PF_NE2022,106,4/16/2022,8,1.0734372,,,0,,,-0.89,
PF,PF_NE2022,PF_NE2022,106,4/16/2022,9,1.577106,,,0,,,0.82,
PF,PF_NE2022,PF_NE2022,106,4/16/2022,10,2.1263688,,,0,,,2.65,
PF,PF_NE2022,PF_NE2022,106,4/16/2022,11,2.59731,,,0,,,4.49,
PF,PF_NE2022,PF_NE2022,106,4/16/2022,12,2.7945612,,,0,,,6.32,
PF,PF_NE2022,PF_NE2022,106,4/16/2022,13,2.7690948,,,0,,,7.56,
PF,PF_NE2022,PF_NE2022,106,4/16/2022,14,2.6385588,,,0,,,8.8,
PF,PF_NE2022,PF_NE2022,106,4/16/2022,15,2.304072,,,0,,,10.04,
PF,PF_NE2022,PF_NE2022,106,4/16/2022,16,1.8298224,,,0,,,9.81004,
PF,PF_NE2022,PF_NE2022,106,4/16/2022,17,1.2501468,,,0,,,9.59,
PF,PF_NE2022,PF_NE2022,106,4/16/2022,18,0.6364224,,,0,,,9.37,
PF,PF_NE2022,PF_NE2022,106,4/16/2022,19,0.158976,,,0,,,8.56004,
PF,PF_NE2022,PF_NE2022,106,4/16/2022,20,0,,,0,,,7.75,
PF,PF_NE2022,PF_NE2022,106,4/16/2022,21,0,,,0,,,6.95004,
PF,PF_NE2022,PF_NE2022,106,4/16/2022,22,0,,,0,,,6.59,
PF,PF_NE2022,PF_NE2022,106,4/16/2022,23,0,,,0,,,6.23,
PF,PF_NE2022,PF_NE2022,107,4/17/2022,0,0,,,0,,,5.87,
PF,PF_NE2022,PF_NE2022,107,4/17/2022,1,0,,,0,,,5.5,
PF,PF_NE2022,PF_NE2022,107,4/17/2022,2,0,,,0,,,5.13,
PF,PF_NE2022,PF_NE2022,107,4/17/2022,3,0,,,0,,,4.76,
PF,PF_NE2022,PF_NE2022,107,4/17/2022,4,0,,,0,,,4.41,
PF,PF_NE2022,PF_NE2022,107,4/17/2022,5,0,,,0,,,4.06,
PF,PF_NE2022,PF_NE2022,107,4/17/2022,6,0,,,0,,,3.71,
PF,PF_NE2022,PF_NE2022,107,4/17/2022,7,0.48528,,,0,,,5.17,
PF,PF_NE2022,PF_NE2022,107,4/17/2022,8,1.0332936,,,0,,,6.63,
PF,PF_NE2022,PF_NE2022,107,4/17/2022,9,1.6054452,,,0,,,8.09,
PF,PF_NE2022,PF_NE2022,107,4/17/2022,10,2.1598884,,,0,,,10.86,
PF,PF_NE2022,PF_NE2022,107,4/17/2022,11,2.6351352,,,0,,,13.63,
PF,PF_NE2022,PF_NE2022,107,4/17/2022,12,2.8919016,,,0,,,16.41,
PF,PF_NE2022,PF_NE2022,107,4/17/2022,13,2.864628,,,0,,,17.52,
PF,PF_NE2022,PF_NE2022,107,4/17/2022,14,2.7294876,,,0,,,18.63,
PF,PF_NE2022,PF_NE2022,107,4/17/2022,15,2.221578,,,0,,,19.73,
PF,PF_NE2022,PF_NE2022,107,4/17/2022,16,1.7657676,,,0,,,19.11,
PF,PF_NE2022,PF_NE2022,107,4/17/2022,17,1.208646,,,0,,,18.48,
PF,PF_NE2022,PF_NE2022,107,4/17/2022,18,0.5833728,,,0,,,17.85,
PF,PF_NE2022,PF_NE2022,107,4/17/2022,19,0.1512864,,,0,,,15.61,
PF,PF_NE2022,PF_NE2022,107,4/17/2022,20,0,,,0,,,13.36,
PF,PF_NE2022,PF_NE2022,107,4/17/2022,21,0,,,0,,,11.12,
PF,PF_NE2022,PF_NE2022,107,4/17/2022,22,0,,,0,,,10.02,
PF,PF_NE2022,PF_NE2022,107,4/17/2022,23,0,,,0,,,8.92,
PF,PF_NE2022,PF_NE2022,108,4/18/2022,0,0,,,0,,,7.82,
PF,PF_NE2022,PF_NE2022,108,4/18/2022,1,0,,,0,,,6.72,
PF,PF_NE2022,PF_NE2022,108,4/18/2022,2,0,,,0,,,5.62004,
PF,PF_NE2022,PF_NE2022,108,4/18/2022,3,0,,,0,,,4.52,
PF,PF_NE2022,PF_NE2022,108,4/18/2022,4,0,,,0,,,3.95,
PF,PF_NE2022,PF_NE2022,108,4/18/2022,5,0,,,0,,,3.38,
PF,PF_NE2022,PF_NE2022,108,4/18/2022,6,0,,,0,,,2.81,
PF,PF_NE2022,PF_NE2022,108,4/18/2022,7,0.422496,,,0,,,3.74,
PF,PF_NE2022,PF_NE2022,108,4/18/2022,8,0.886032,,,0,,,4.68004,
PF,PF_NE2022,PF_NE2022,108,4/18/2022,9,1.48239,,,0,,,5.62,
PF,PF_NE2022,PF_NE2022,108,4/18/2022,10,1.990098,,,0,,,6.96,
PF,PF_NE2022,PF_NE2022,108,4/18/2022,11,2.4252156,,,0,,,8.3,
PF,PF_NE2022,PF_NE2022,108,4/18/2022,12,2.9353068,,,0,,,9.65004,
PF,PF_NE2022,PF_NE2022,108,4/18/2022,13,2.9066904,,,0,,,10.83,
PF,PF_NE2022,PF_NE2022,108,4/18/2022,14,2.7695196,,,0,,,12.01,
PF,PF_NE2022,PF_NE2022,108,4/18/2022,15,2.574306,,,0,,,13.19,
PF,PF_NE2022,PF_NE2022,108,4/18/2022,16,2.0477088,,,0,,,13.1,
PF,PF_NE2022,PF_NE2022,108,4/18/2022,17,1.404252,,,0,,,13.01,
PF,PF_NE2022,PF_NE2022,108,4/18/2022,18,0.649584,,,0,,,12.92,
PF,PF_NE2022,PF_NE2022,108,4/18/2022,19,0.1744704,,,0,,,11.3,
PF,PF_NE2022,PF_NE2022,108,4/18/2022,20,0,,,0,,,9.69,
PF,PF_NE2022,PF_NE2022,108,4/18/2022,21,0,,,0,,,8.07,
PF,PF_NE2022,PF_NE2022,108,4/18/2022,22,0,,,0,,,7.23,
PF,PF_NE2022,PF_NE2022,108,4/18/2022,23,0,,,0,,,6.4,
PF,PF_NE2022,PF_NE2022,109,4/19/2022,0,0,,,0,,,5.56,
PF,PF_NE2022,PF_NE2022,109,4/19/2022,1,0,,,0,,,4.8,
PF,PF_NE2022,PF_NE2022,109,4/19/2022,2,0,,,0,,,4.03,
PF,PF_NE2022,PF_NE2022,109,4/19/2022,3,0,,,0,,,3.27,
PF,PF_NE2022,PF_NE2022,109,4/19/2022,4,0,,,0,,,2.89,
PF,PF_NE2022,PF_NE2022,109,4/19/2022,5,0,,,0,,,2.51,
PF,PF_NE2022,PF_NE2022,109,4/19/2022,6,0,,,0,,,2.13004,
PF,PF_NE2022,PF_NE2022,109,4/19/2022,7,0.5314752,,,0,,,4,
PF,PF_NE2022,PF_NE2022,109,4/19/2022,8,1.0984248,,,0,,,5.87,
PF,PF_NE2022,PF_NE2022,109,4/19/2022,9,1.616418,,,0,,,7.74,
PF,PF_NE2022,PF_NE2022,109,4/19/2022,10,2.16549,,,0,,,10.27,
PF,PF_NE2022,PF_NE2022,109,4/19/2022,11,2.63601,,,0,,,12.81,
PF,PF_NE2022,PF_NE2022,109,4/19/2022,12,2.906082,,,0,,,15.34,
PF,PF_NE2022,PF_NE2022,109,4/19/2022,13,2.8769112,,,0,,,17.11,
PF,PF_NE2022,PF_NE2022,109,4/19/2022,14,2.741058,,,0,,,18.88,
PF,PF_NE2022,PF_NE2022,109,4/19/2022,15,2.4860628,,,0,,,20.65,
PF,PF_NE2022,PF_NE2022,109,4/19/2022,16,1.9791216,,,0,,,20.78,
PF,PF_NE2022,PF_NE2022,109,4/19/2022,17,1.3596552,,,0,,,20.9,
PF,PF_NE2022,PF_NE2022,109,4/19/2022,18,0.6480576,,,0,,,21.03,
PF,PF_NE2022,PF_NE2022,109,4/19/2022,19,0.1799136,,,0,,,19.06,
PF,PF_NE2022,PF_NE2022,109,4/19/2022,20,0,,,0,,,17.1,
PF,PF_NE2022,PF_NE2022,109,4/19/2022,21,0,,,0,,,15.13,
PF,PF_NE2022,PF_NE2022,109,4/19/2022,22,0,,,0,,,14.09,
PF,PF_NE2022,PF_NE2022,109,4/19/2022,23,0,,,0,,,13.05,
PF,PF_NE2022,PF_NE2022,110,4/20/2022,0,0,,,0,,,12.01,
PF,PF_NE2022,PF_NE2022,110,4/20/2022,1,0,,,0,,,11.21,
PF,PF_NE2022,PF_NE2022,110,4/20/2022,2,0,,,0,,,10.41,
PF,PF_NE2022,PF_NE2022,110,4/20/2022,3,0,,,0,,,9.61,
PF,PF_NE2022,PF_NE2022,110,4/20/2022,4,0,,,0,,,8.57004,
PF,PF_NE2022,PF_NE2022,110,4/20/2022,5,0,,,0,,,7.53004,
PF,PF_NE2022,PF_NE2022,110,4/20/2022,6,0,,,0,,,6.5,
PF,PF_NE2022,PF_NE2022,110,4/20/2022,7,0.4919616,,,0,,,8.63,
PF,PF_NE2022,PF_NE2022,110,4/20/2022,8,1.002834,,,0,,,10.76,
PF,PF_NE2022,PF_NE2022,110,4/20/2022,9,1.6397676,,,0,,,12.9,
PF,PF_NE2022,PF_NE2022,110,4/20/2022,10,2.1924468,,,0,,,14.83,
PF,PF_NE2022,PF_NE2022,110,4/20/2022,11,2.6659188,,,0,,,16.76,
PF,PF_NE2022,PF_NE2022,110,4/20/2022,12,2.9643336,,,0,,,18.7,
PF,PF_NE2022,PF_NE2022,110,4/20/2022,13,2.93373,,,0,,,19.32,
PF,PF_NE2022,PF_NE2022,110,4/20/2022,14,2.795202,,,0,,,19.94,
PF,PF_NE2022,PF_NE2022,110,4/20/2022,15,2.5626348,,,0,,,20.56,
PF,PF_NE2022,PF_NE2022,110,4/20/2022,16,2.0416932,,,0,,,20.13,
PF,PF_NE2022,PF_NE2022,110,4/20/2022,17,1.4051952,,,0,,,19.7,
PF,PF_NE2022,PF_NE2022,110,4/20/2022,18,0.6579648,,,0,,,19.27,
PF,PF_NE2022,PF_NE2022,110,4/20/2022,19,0.1884384,,,0,,,17.7,
PF,PF_NE2022,PF_NE2022,110,4/20/2022,20,0,,,0,,,16.14,
PF,PF_NE2022,PF_NE2022,110,4/20/2022,21,0,,,0,,,14.57,
PF,PF_NE2022,PF_NE2022,110,4/20/2022,22,0,,,0,,,13.84,
PF,PF_NE2022,PF_NE2022,110,4/20/2022,23,0,,,0,,,13.11,
PF,PF_NE2022,PF_NE2022,111,4/21/2022,0,0,,,0,,,12.39,
PF,PF_NE2022,PF_NE2022,111,4/21/2022,1,0,,,0,,,11.45,
PF,PF_NE2022,PF_NE2022,111,4/21/2022,2,0,,,0,,,10.52,
PF,PF_NE2022,PF_NE2022,111,4/21/2022,3,0,,,0,,,9.58,
PF,PF_NE2022,PF_NE2022,111,4/21/2022,4,0,,,0,,,8.43,
PF,PF_NE2022,PF_NE2022,111,4/21/2022,5,0,,,0,,,7.27,
PF,PF_NE2022,PF_NE2022,111,4/21/2022,6,0,,,0,,,6.11,
PF,PF_NE2022,PF_NE2022,111,4/21/2022,7,0.5636736,,,0,,,8.6,
PF,PF_NE2022,PF_NE2022,111,4/21/2022,8,1.1340828,,,0,,,11.08,
PF,PF_NE2022,PF_NE2022,111,4/21/2022,9,1.6420392,,,0,,,13.57,
PF,PF_NE2022,PF_NE2022,111,4/21/2022,10,2.1911724,,,0,,,16.08,
PF,PF_NE2022,PF_NE2022,111,4/21/2022,11,2.6615196,,,0,,,18.6,
PF,PF_NE2022,PF_NE2022,111,4/21/2022,12,2.8974348,,,0,,,21.11,
PF,PF_NE2022,PF_NE2022,111,4/21/2022,13,2.8666908,,,0,,,22.29,
PF,PF_NE2022,PF_NE2022,111,4/21/2022,14,2.7312696,,,0,,,23.48,
PF,PF_NE2022,PF_NE2022,111,4/21/2022,15,2.4695172,,,0,,,24.66,
PF,PF_NE2022,PF_NE2022,111,4/21/2022,16,1.9690704,,,0,,,23.99,
PF,PF_NE2022,PF_NE2022,111,4/21/2022,17,1.3576752,,,0,,,23.31,
PF,PF_NE2022,PF_NE2022,111,4/21/2022,18,0.6233472,,,0,,,22.64,
PF,PF_NE2022,PF_NE2022,111,4/21/2022,19,0.1838592,,,0,,,21.62,
PF,PF_NE2022,PF_NE2022,111,4/21/2022,20,0,,,0,,,20.59,
PF,PF_NE2022,PF_NE2022,111,4/21/2022,21,0,,,0,,,19.56,
PF,PF_NE2022,PF_NE2022,111,4/21/2022,22,0,,,0,,,18.52,
PF,PF_NE2022,PF_NE2022,111,4/21/2022,23,0,,,0,,,17.47,
PF,PF_NE2022,PF_NE2022,112,4/22/2022,0,0,,,0,,,16.42,
PF,PF_NE2022,PF_NE2022,112,4/22/2022,1,0,,,0,,,15.4,
PF,PF_NE2022,PF_NE2022,112,4/22/2022,2,0,,,0,,,14.38,
PF,PF_NE2022,PF_NE2022,112,4/22/2022,3,0,,,0,,,13.36,
PF,PF_NE2022,PF_NE2022,112,4/22/2022,4,0,,,0,,,12.91,
PF,PF_NE2022,PF_NE2022,112,4/22/2022,5,0,,,0,,,12.45,
PF,PF_NE2022,PF_NE2022,112,4/22/2022,6,0,,,0,,,12,
PF,PF_NE2022,PF_NE2022,112,4/22/2022,7,0.5681088,,,0,,,14.5,
PF,PF_NE2022,PF_NE2022,112,4/22/2022,8,1.1287692,,,0,,,17.01,
PF,PF_NE2022,PF_NE2022,112,4/22/2022,9,1.6572744,,,0,,,19.51,
PF,PF_NE2022,PF_NE2022,112,4/22/2022,10,2.2073472,,,0,,,22.93,
PF,PF_NE2022,PF_NE2022,112,4/22/2022,11,2.6783856,,,0,,,26.35,
PF,PF_NE2022,PF_NE2022,112,4/22/2022,12,2.8557108,,,0,,,29.77,
PF,PF_NE2022,PF_NE2022,112,4/22/2022,13,2.8246032,,,0,,,30.91,
PF,PF_NE2022,PF_NE2022,112,4/22/2022,14,2.6911944,,,0,,,32.04,
PF,PF_NE2022,PF_NE2022,112,4/22/2022,15,2.3949972,,,0,,,33.17,
PF,PF_NE2022,PF_NE2022,112,4/22/2022,16,1.91115,,,0,,,33.09,
PF,PF_NE2022,PF_NE2022,112,4/22/2022,17,1.320084,,,0,,,33.01,
PF,PF_NE2022,PF_NE2022,112,4/22/2022,18,0.644832,,,0,,,32.92,
PF,PF_NE2022,PF_NE2022,112,4/22/2022,19,0.1956096,,,0,,,30.7,
PF,PF_NE2022,PF_NE2022,112,4/22/2022,20,0,,,0,,,28.47,
PF,PF_NE2022,PF_NE2022,112,4/22/2022,21,0,,,0,,,26.25,
PF,PF_NE2022,PF_NE2022,112,4/22/2022,22,0,,,0,,,24.82,
PF,PF_NE2022,PF_NE2022,112,4/22/2022,23,0,,,0,,,23.39,
PF,PF_NE2022,PF_NE2022,113,4/23/2022,0,0,,,0,,,21.96,
PF,PF_NE2022,PF_NE2022,113,4/23/2022,1,0,,,1.3,,,21.25,
PF,PF_NE2022,PF_NE2022,113,4/23/2022,2,0,,,0.7,,,20.54,
PF,PF_NE2022,PF_NE2022,113,4/23/2022,3,0,,,0,,,19.84,
PF,PF_NE2022,PF_NE2022,113,4/23/2022,4,0,,,0.8,,,18.6,
PF,PF_NE2022,PF_NE2022,113,4/23/2022,5,0,,,0,,,17.37,
PF,PF_NE2022,PF_NE2022,113,4/23/2022,6,0.0070848,,,2.6,,,16.14,
PF,PF_NE2022,PF_NE2022,113,4/23/2022,7,0.415296,,,3.7,,,15.62,
PF,PF_NE2022,PF_NE2022,113,4/23/2022,8,0.8154324,,,0,,,15.1,
PF,PF_NE2022,PF_NE2022,113,4/23/2022,9,1.5830892,,,0,,,14.58,
PF,PF_NE2022,PF_NE2022,113,4/23/2022,10,2.1046896,,,0,,,15.04,
PF,PF_NE2022,PF_NE2022,113,4/23/2022,11,2.55123,,,0,,,15.5,
PF,PF_NE2022,PF_NE2022,113,4/23/2022,12,1.947744,,,0,,,15.97,
PF,PF_NE2022,PF_NE2022,113,4/23/2022,13,1.9260756,,,0,,,16.01,
PF,PF_NE2022,PF_NE2022,113,4/23/2022,14,1.835082,,,0,,,16.05,
PF,PF_NE2022,PF_NE2022,113,4/23/2022,15,1.770444,,,0,,,16.1,
PF,PF_NE2022,PF_NE2022,113,4/23/2022,16,1.4138748,,,0,,,15.67,
PF,PF_NE2022,PF_NE2022,113,4/23/2022,17,0.9782964,,,0,,,15.25,
PF,PF_NE2022,PF_NE2022,113,4/23/2022,18,0.5020416,,,0,,,14.83,
PF,PF_NE2022,PF_NE2022,113,4/23/2022,19,0.156384,,,0,,,13.46,
PF,PF_NE2022,PF_NE2022,113,4/23/2022,20,0,,,0,,,12.08,
PF,PF_NE2022,PF_NE2022,113,4/23/2022,21,0,,,0,,,10.71,
PF,PF_NE2022,PF_NE2022,113,4/23/2022,22,0,,,0,,,10.34,
PF,PF_NE2022,PF_NE2022,113,4/23/2022,23,0,,,0,,,9.97,
PF,PF_NE2022,PF_NE2022,114,4/24/2022,0,0,,,0,,,9.6,
PF,PF_NE2022,PF_NE2022,114,4/24/2022,1,0,,,0,,,8.96,
PF,PF_NE2022,PF_NE2022,114,4/24/2022,2,0,,,0,,,8.33,
PF,PF_NE2022,PF_NE2022,114,4/24/2022,3,0,,,0,,,7.69,
PF,PF_NE2022,PF_NE2022,114,4/24/2022,4,0,,,0,,,7.18004,
PF,PF_NE2022,PF_NE2022,114,4/24/2022,5,0,,,0,,,6.67004,
PF,PF_NE2022,PF_NE2022,114,4/24/2022,6,0.02376,,,0,,,6.16,
PF,PF_NE2022,PF_NE2022,114,4/24/2022,7,0.601632,,,0,,,7.39,
PF,PF_NE2022,PF_NE2022,114,4/24/2022,8,1.1679336,,,0,,,8.63,
PF,PF_NE2022,PF_NE2022,114,4/24/2022,9,1.5523308,,,0,,,9.87004,
PF,PF_NE2022,PF_NE2022,114,4/24/2022,10,2.060046,,,0,,,10.94,
PF,PF_NE2022,PF_NE2022,114,4/24/2022,11,2.4946416,,,0,,,12.01,
PF,PF_NE2022,PF_NE2022,114,4/24/2022,12,2.4451344,,,0,,,13.09,
PF,PF_NE2022,PF_NE2022,114,4/24/2022,13,2.417292,,,0,,,13.36,
PF,PF_NE2022,PF_NE2022,114,4/24/2022,14,2.3031288,,,0,,,13.63,
PF,PF_NE2022,PF_NE2022,114,4/24/2022,15,2.186316,,,0,,,13.9,
PF,PF_NE2022,PF_NE2022,114,4/24/2022,16,1.7472996,,,0,,,13.47,
PF,PF_NE2022,PF_NE2022,114,4/24/2022,17,1.211112,,,0,,,13.04,
PF,PF_NE2022,PF_NE2022,114,4/24/2022,18,0.573984,,,0,,,12.61,
PF,PF_NE2022,PF_NE2022,114,4/24/2022,19,0.1833696,,,0,,,11.26,
PF,PF_NE2022,PF_NE2022,114,4/24/2022,20,0,,,0,,,9.91004,
PF,PF_NE2022,PF_NE2022,114,4/24/2022,21,0,,,0,,,8.55,
PF,PF_NE2022,PF_NE2022,114,4/24/2022,22,0,,,0,,,7.23004,
PF,PF_NE2022,PF_NE2022,114,4/24/2022,23,0,,,0,,,5.90004,
PF,PF_NE2022,PF_NE2022,115,4/25/2022,0,0,,,0,,,4.58,
PF,PF_NE2022,PF_NE2022,115,4/25/2022,1,0,,,0,,,3.83,
PF,PF_NE2022,PF_NE2022,115,4/25/2022,2,0,,,0,,,3.08,
PF,PF_NE2022,PF_NE2022,115,4/25/2022,3,0,,,0,,,2.33,
PF,PF_NE2022,PF_NE2022,115,4/25/2022,4,0,,,0,,,1.7,
PF,PF_NE2022,PF_NE2022,115,4/25/2022,5,0,,,0,,,1.06,
PF,PF_NE2022,PF_NE2022,115,4/25/2022,6,0.0381024,,,0,,,0.43,
PF,PF_NE2022,PF_NE2022,115,4/25/2022,7,0.6284736,,,0,,,2.98,
PF,PF_NE2022,PF_NE2022,115,4/25/2022,8,1.2068784,,,0,,,5.54,
PF,PF_NE2022,PF_NE2022,115,4/25/2022,9,1.7236368,,,0,,,8.09,
PF,PF_NE2022,PF_NE2022,115,4/25/2022,10,2.2833972,,,0,,,9.69,
PF,PF_NE2022,PF_NE2022,115,4/25/2022,11,2.7624456,,,0,,,11.28,
PF,PF_NE2022,PF_NE2022,115,4/25/2022,12,3.053394,,,0,,,12.87,
PF,PF_NE2022,PF_NE2022,115,4/25/2022,13,3.0179592,,,0,,,13.78,
PF,PF_NE2022,PF_NE2022,115,4/25/2022,14,2.8755252,,,0,,,14.68,
PF,PF_NE2022,PF_NE2022,115,4/25/2022,15,2.6468748,,,0,,,15.58,
PF,PF_NE2022,PF_NE2022,115,4/25/2022,16,2.1170196,,,0,,,15.48,
PF,PF_NE2022,PF_NE2022,115,4/25/2022,17,1.4698836,,,0,,,15.38,
PF,PF_NE2022,PF_NE2022,115,4/25/2022,18,0.7189632,,,0,,,15.28,
PF,PF_NE2022,PF_NE2022,115,4/25/2022,19,0.2352672,,,0,,,12.92,
PF,PF_NE2022,PF_NE2022,115,4/25/2022,20,0,,,0,,,10.56,
PF,PF_NE2022,PF_NE2022,115,4/25/2022,21,0,,,0,,,8.2,
PF,PF_NE2022,PF_NE2022,115,4/25/2022,22,0,,,0,,,7.25,
PF,PF_NE2022,PF_NE2022,115,4/25/2022,23,0,,,0,,,6.31,
PF,PF_NE2022,PF_NE2022,116,4/26/2022,0,0,,,0,,,5.36,
PF,PF_NE2022,PF_NE2022,116,4/26/2022,1,0,,,0,,,4.57,
PF,PF_NE2022,PF_NE2022,116,4/26/2022,2,0,,,0,,,3.79,
PF,PF_NE2022,PF_NE2022,116,4/26/2022,3,0,,,0,,,3,
PF,PF_NE2022,PF_NE2022,116,4/26/2022,4,0,,,0,,,2.59,
PF,PF_NE2022,PF_NE2022,116,4/26/2022,5,0,,,0,,,2.18,
PF,PF_NE2022,PF_NE2022,116,4/26/2022,6,0.0510624,,,0,,,1.77,
PF,PF_NE2022,PF_NE2022,116,4/26/2022,7,0.6337728,,,0,,,4.83,
PF,PF_NE2022,PF_NE2022,116,4/26/2022,8,1.2044952,,,0,,,7.88004,
PF,PF_NE2022,PF_NE2022,116,4/26/2022,9,1.7293644,,,0,,,10.94,
PF,PF_NE2022,PF_NE2022,116,4/26/2022,10,2.2871196,,,0,,,13.9,
PF,PF_NE2022,PF_NE2022,116,4/26/2022,11,2.7644472,,,0,,,16.85,
PF,PF_NE2022,PF_NE2022,116,4/26/2022,12,3.016098,,,0,,,19.81,
PF,PF_NE2022,PF_NE2022,116,4/26/2022,13,2.9803968,,,0,,,21.2,
PF,PF_NE2022,PF_NE2022,116,4/26/2022,14,2.8397844,,,0,,,22.58,
PF,PF_NE2022,PF_NE2022,116,4/26/2022,15,2.5855416,,,0,,,23.97,
PF,PF_NE2022,PF_NE2022,116,4/26/2022,16,2.0696256,,,0,,,23.76,
PF,PF_NE2022,PF_NE2022,116,4/26/2022,17,1.4393916,,,0,,,23.55,
PF,PF_NE2022,PF_NE2022,116,4/26/2022,18,0.7134336,,,0,,,23.34,
PF,PF_NE2022,PF_NE2022,116,4/26/2022,19,0.2388672,,,0,,,20.77,
PF,PF_NE2022,PF_NE2022,116,4/26/2022,20,0,,,0,,,18.2,
PF,PF_NE2022,PF_NE2022,116,4/26/2022,21,0,,,0,,,15.63,
PF,PF_NE2022,PF_NE2022,116,4/26/2022,22,0,,,0,,,14.65,
PF,PF_NE2022,PF_NE2022,116,4/26/2022,23,0,,,0,,,13.68,
PF,PF_NE2022,PF_NE2022,117,4/27/2022,0,0,,,0,,,12.71,
PF,PF_NE2022,PF_NE2022,117,4/27/2022,1,0,,,0,,,11.65,
PF,PF_NE2022,PF_NE2022,117,4/27/2022,2,0,,,0,,,10.6,
PF,PF_NE2022,PF_NE2022,117,4/27/2022,3,0,,,0,,,9.55,
PF,PF_NE2022,PF_NE2022,117,4/27/2022,4,0,,,0,,,8.73,
PF,PF_NE2022,PF_NE2022,117,4/27/2022,5,0,,,0,,,7.91,
PF,PF_NE2022,PF_NE2022,117,4/27/2022,6,0.0524448,,,0,,,7.1,
PF,PF_NE2022,PF_NE2022,117,4/27/2022,7,0.5272704,,,0,,,9.97,
PF,PF_NE2022,PF_NE2022,117,4/27/2022,8,0.992268,,,0,,,12.84,
PF,PF_NE2022,PF_NE2022,117,4/27/2022,9,1.4598216,,,0,,,15.71,
PF,PF_NE2022,PF_NE2022,117,4/27/2022,10,1.927458,,,0,,,18.93,
PF,PF_NE2022,PF_NE2022,117,4/27/2022,11,2.327616,,,0,,,22.15,
PF,PF_NE2022,PF_NE2022,117,4/27/2022,12,2.5174728,,,0,,,25.36,
PF,PF_NE2022,PF_NE2022,117,4/27/2022,13,2.487114,,,0,,,26.07,
PF,PF_NE2022,PF_NE2022,117,4/27/2022,14,2.3698764,,,0,,,26.78,
PF,PF_NE2022,PF_NE2022,117,4/27/2022,15,2.2753944,,,0,,,27.48,
PF,PF_NE2022,PF_NE2022,117,4/27/2022,16,1.8226944,,,0,,,27.04,
PF,PF_NE2022,PF_NE2022,117,4/27/2022,17,1.2697956,,,0,,,26.59,
PF,PF_NE2022,PF_NE2022,117,4/27/2022,18,0.7343424,,,0,,,26.14,
PF,PF_NE2022,PF_NE2022,117,4/27/2022,19,0.2513088,,,0,,,23.23,
PF,PF_NE2022,PF_NE2022,117,4/27/2022,20,0,,,0,,,20.31,
PF,PF_NE2022,PF_NE2022,117,4/27/2022,21,0,,,0,,,17.4,
PF,PF_NE2022,PF_NE2022,117,4/27/2022,22,0,,,0,,,16,
PF,PF_NE2022,PF_NE2022,117,4/27/2022,23,0,,,0,,,14.6,
PF,PF_NE2022,PF_NE2022,118,4/28/2022,0,0,,,0,,,13.2,
PF,PF_NE2022,PF_NE2022,118,4/28/2022,1,0,,,0,,,12.14,
PF,PF_NE2022,PF_NE2022,118,4/28/2022,2,0,,,0,,,11.09,
PF,PF_NE2022,PF_NE2022,118,4/28/2022,3,0,,,0,,,10.03,
PF,PF_NE2022,PF_NE2022,118,4/28/2022,4,0,,,0,,,9.77,
PF,PF_NE2022,PF_NE2022,118,4/28/2022,5,0,,,0,,,9.5,
PF,PF_NE2022,PF_NE2022,118,4/28/2022,6,0.0724608,,,0,,,9.23,
PF,PF_NE2022,PF_NE2022,118,4/28/2022,7,0.6177024,,,0,,,11.99,
PF,PF_NE2022,PF_NE2022,118,4/28/2022,8,1.1515392,,,0,,,14.75,
PF,PF_NE2022,PF_NE2022,118,4/28/2022,9,1.591218,,,0,,,17.51,
PF,PF_NE2022,PF_NE2022,118,4/28/2022,10,2.09763,,,0,,,20.11,
PF,PF_NE2022,PF_NE2022,118,4/28/2022,11,2.530872,,,0,,,22.7,
PF,PF_NE2022,PF_NE2022,118,4/28/2022,12,2.87991,,,0,,,25.3,
PF,PF_NE2022,PF_NE2022,118,4/28/2022,13,2.8445796,,,0,,,26.19,
PF,PF_NE2022,PF_NE2022,118,4/28/2022,14,2.7106128,,,0,,,27.08,
PF,PF_NE2022,PF_NE2022,118,4/28/2022,15,2.5534476,,,0,,,27.98,
PF,PF_NE2022,PF_NE2022,118,4/28/2022,16,2.0470248,,,0,,,27.66,
PF,PF_NE2022,PF_NE2022,118,4/28/2022,17,1.428444,,,0,,,27.34,
PF,PF_NE2022,PF_NE2022,118,4/28/2022,18,0.7046208,,,0,,,27.02,
PF,PF_NE2022,PF_NE2022,118,4/28/2022,19,0.24624,,,0,,,24.7,
PF,PF_NE2022,PF_NE2022,118,4/28/2022,20,0,,,0,,,22.38,
PF,PF_NE2022,PF_NE2022,118,4/28/2022,21,0,,,0,,,20.06,
PF,PF_NE2022,PF_NE2022,118,4/28/2022,22,0,,,0,,,19.13,
PF,PF_NE2022,PF_NE2022,118,4/28/2022,23,0,,,0,,,18.21,
PF,PF_NE2022,PF_NE2022,119,4/29/2022,0,0,,,0,,,17.28,
PF,PF_NE2022,PF_NE2022,119,4/29/2022,1,0,,,0,,,16.78,
PF,PF_NE2022,PF_NE2022,119,4/29/2022,2,0,,,0,,,16.28,
PF,PF_NE2022,PF_NE2022,119,4/29/2022,3,0,,,0,,,15.78,
PF,PF_NE2022,PF_NE2022,119,4/29/2022,4,0,,,0,,,15.21,
PF,PF_NE2022,PF_NE2022,119,4/29/2022,5,0,,,0,,,14.65,
PF,PF_NE2022,PF_NE2022,119,4/29/2022,6,0.0641664,,,0.5,,,14.09,
PF,PF_NE2022,PF_NE2022,119,4/29/2022,7,0.4780224,,,0.3,,,15.17,
PF,PF_NE2022,PF_NE2022,119,4/29/2022,8,0.883152,,,0,,,16.26,
PF,PF_NE2022,PF_NE2022,119,4/29/2022,9,1.3196124,,,0,,,17.35,
PF,PF_NE2022,PF_NE2022,119,4/29/2022,10,1.736838,,,0,,,18.81,
PF,PF_NE2022,PF_NE2022,119,4/29/2022,11,2.0938068,,,0,,,20.27,
PF,PF_NE2022,PF_NE2022,119,4/29/2022,12,1.52415,,,0,,,21.73,
PF,PF_NE2022,PF_NE2022,119,4/29/2022,13,1.5051276,,,0,,,21.52,
PF,PF_NE2022,PF_NE2022,119,4/29/2022,14,1.434294,,,0,,,21.32,
PF,PF_NE2022,PF_NE2022,119,4/29/2022,15,1.5897924,,,0,,,21.11,
PF,PF_NE2022,PF_NE2022,119,4/29/2022,16,1.2754332,,,1,,,19.49,
PF,PF_NE2022,PF_NE2022,119,4/29/2022,17,0.8915112,,,3,,,17.86,
PF,PF_NE2022,PF_NE2022,119,4/29/2022,18,0.4809024,,,5.3,,,16.24,
PF,PF_NE2022,PF_NE2022,119,4/29/2022,19,0.1714464,,,0.4,,,14.81,
PF,PF_NE2022,PF_NE2022,119,4/29/2022,20,0,,,0,,,13.38,
PF,PF_NE2022,PF_NE2022,119,4/29/2022,21,0,,,0,,,11.95,
PF,PF_NE2022,PF_NE2022,119,4/29/2022,22,0,,,0,,,10.71,
PF,PF_NE2022,PF_NE2022,119,4/29/2022,23,0,,,0.3,,,9.47,
PF,PF_NE2022,PF_NE2022,120,4/30/2022,0,0,,,1.3,,,8.23,
PF,PF_NE2022,PF_NE2022,120,4/30/2022,1,0,,,0.5,,,8.26,
PF,PF_NE2022,PF_NE2022,120,4/30/2022,2,0,,,0,,,8.29,
PF,PF_NE2022,PF_NE2022,120,4/30/2022,3,0,,,0,,,8.33,
PF,PF_NE2022,PF_NE2022,120,4/30/2022,4,0,,,0,,,8.37,
PF,PF_NE2022,PF_NE2022,120,4/30/2022,5,0,,,0,,,8.41,
PF,PF_NE2022,PF_NE2022,120,4/30/2022,6,0.0517824,,,0,,,8.45,
PF,PF_NE2022,PF_NE2022,120,4/30/2022,7,0.3445056,,,0,,,8.97,
PF,PF_NE2022,PF_NE2022,120,4/30/2022,8,0.630972,,,0,,,9.5,
PF,PF_NE2022,PF_NE2022,120,4/30/2022,9,1.6507692,,,0,,,10.02,
PF,PF_NE2022,PF_NE2022,120,4/30/2022,10,2.1694716,,,0,,,11.69,
PF,PF_NE2022,PF_NE2022,120,4/30/2022,11,2.613186,,,0,,,13.36,
PF,PF_NE2022,PF_NE2022,120,4/30/2022,12,3.0374352,,,0,,,15.03,
PF,PF_NE2022,PF_NE2022,120,4/30/2022,13,2.9990484,,,0,,,15.72,
PF,PF_NE2022,PF_NE2022,120,4/30/2022,14,2.8580436,,,0,,,16.4,
PF,PF_NE2022,PF_NE2022,120,4/30/2022,15,2.5875432,,,0,,,17.09,
PF,PF_NE2022,PF_NE2022,120,4/30/2022,16,2.0775168,,,0,,,16.74,
PF,PF_NE2022,PF_NE2022,120,4/30/2022,17,1.4544036,,,0,,,16.39,
PF,PF_NE2022,PF_NE2022,120,4/30/2022,18,0.7811136,,,0,,,16.04,
PF,PF_NE2022,PF_NE2022,120,4/30/2022,19,0.2820384,,,0,,,14.26,
PF,PF_NE2022,PF_NE2022,120,4/30/2022,20,0,,,0,,,12.48,
PF,PF_NE2022,PF_NE2022,120,4/30/2022,21,0,,,0,,,10.7,
PF,PF_NE2022,PF_NE2022,120,4/30/2022,22,0,,,0,,,9.81004,
PF,PF_NE2022,PF_NE2022,120,4/30/2022,23,0,,,0,,,8.92004,
PF,PF_NE2022,PF_NE2022,121,5/1/2022,0,0,,,0,,,8.03,
PF,PF_NE2022,PF_NE2022,121,5/1/2022,1,0,,,0,,,7.16004,
PF,PF_NE2022,PF_NE2022,121,5/1/2022,2,0,,,0,,,6.29,
PF,PF_NE2022,PF_NE2022,121,5/1/2022,3,0,,,0,,,5.42,
PF,PF_NE2022,PF_NE2022,121,5/1/2022,4,0,,,0,,,4.84004,
PF,PF_NE2022,PF_NE2022,121,5/1/2022,5,0,,,0,,,4.27,
PF,PF_NE2022,PF_NE2022,121,5/1/2022,6,0.0993888,,,0,,,3.69,
PF,PF_NE2022,PF_NE2022,121,5/1/2022,7,0.6004224,,,0,,,5.99004,
PF,PF_NE2022,PF_NE2022,121,5/1/2022,8,1.0907604,,,0,,,8.3,
PF,PF_NE2022,PF_NE2022,121,5/1/2022,9,1.6449948,,,0,,,10.6,
PF,PF_NE2022,PF_NE2022,121,5/1/2022,10,2.1950676,,,0,,,11.98,
PF,PF_NE2022,PF_NE2022,121,5/1/2022,11,2.5916364,,,0,,,13.35,
PF,PF_NE2022,PF_NE2022,121,5/1/2022,12,2.824668,,,0,,,14.73,
PF,PF_NE2022,PF_NE2022,121,5/1/2022,13,2.8599912,,,0,,,15.74,
PF,PF_NE2022,PF_NE2022,121,5/1/2022,14,2.7359352,,,0,,,16.76,
PF,PF_NE2022,PF_NE2022,121,5/1/2022,15,2.351934,,,0,,,17.78,
PF,PF_NE2022,PF_NE2022,121,5/1/2022,16,1.955628,,,0,,,17.81,
PF,PF_NE2022,PF_NE2022,121,5/1/2022,17,1.37565,,,0,,,17.84,
PF,PF_NE2022,PF_NE2022,121,5/1/2022,18,0.8280576,,,0,,,17.87,
PF,PF_NE2022,PF_NE2022,121,5/1/2022,19,0.3045312,,,0,,,16.18,
PF,PF_NE2022,PF_NE2022,121,5/1/2022,20,0,,,0,,,14.48,
PF,PF_NE2022,PF_NE2022,121,5/1/2022,21,0,,,0,,,12.79,
PF,PF_NE2022,PF_NE2022,121,5/1/2022,22,0,,,0,,,11.78,
PF,PF_NE2022,PF_NE2022,121,5/1/2022,23,0,,,0,,,10.78,
PF,PF_NE2022,PF_NE2022,122,5/2/2022,0,0,,,0.5,,,9.77,
PF,PF_NE2022,PF_NE2022,122,5/2/2022,1,0,,,1.1,,,8.57,
PF,PF_NE2022,PF_NE2022,122,5/2/2022,2,0,,,1.7,,,7.37,
PF,PF_NE2022,PF_NE2022,122,5/2/2022,3,0,,,1.3,,,6.18,
PF,PF_NE2022,PF_NE2022,122,5/2/2022,4,0,,,4.3,,,5.92,
PF,PF_NE2022,PF_NE2022,122,5/2/2022,5,0,,,3.5,,,5.67,
PF,PF_NE2022,PF_NE2022,122,5/2/2022,6,0.0239904,,,1.8,,,5.41,
PF,PF_NE2022,PF_NE2022,122,5/2/2022,7,0.1332864,,,0.8,,,5.44,
PF,PF_NE2022,PF_NE2022,122,5/2/2022,8,0.2402568,,,2.4,,,5.47,
PF,PF_NE2022,PF_NE2022,122,5/2/2022,9,0.6290676,,,4.1,,,5.5,
PF,PF_NE2022,PF_NE2022,122,5/2/2022,10,0.8382312,,,3.1,,,6.12,
PF,PF_NE2022,PF_NE2022,122,5/2/2022,11,0.9889164,,,4.3,,,6.74,
PF,PF_NE2022,PF_NE2022,122,5/2/2022,12,1.197954,,,3.5,,,7.35004,
PF,PF_NE2022,PF_NE2022,122,5/2/2022,13,1.212696,,,2.5,,,7.71,
PF,PF_NE2022,PF_NE2022,122,5/2/2022,14,1.1601828,,,1,,,8.06004,
PF,PF_NE2022,PF_NE2022,122,5/2/2022,15,0.9834768,,,1.3,,,8.42,
PF,PF_NE2022,PF_NE2022,122,5/2/2022,16,0.8183268,,,0.4,,,8.33,
PF,PF_NE2022,PF_NE2022,122,5/2/2022,17,0.5765652,,,0,,,8.24,
PF,PF_NE2022,PF_NE2022,122,5/2/2022,18,0.1803456,,,0.2,,,8.15,
PF,PF_NE2022,PF_NE2022,122,5/2/2022,19,0.0675072,,,0,,,7.34004,
PF,PF_NE2022,PF_NE2022,122,5/2/2022,20,0,,,0,,,6.52,
PF,PF_NE2022,PF_NE2022,122,5/2/2022,21,0,,,0,,,5.71,
PF,PF_NE2022,PF_NE2022,122,5/2/2022,22,0,,,0,,,5.28,
PF,PF_NE2022,PF_NE2022,122,5/2/2022,23,0,,,0,,,4.85,
PF,PF_NE2022,PF_NE2022,123,5/3/2022,0,0,,,0,,,4.42,
PF,PF_NE2022,PF_NE2022,123,5/3/2022,1,0,,,0,,,3.7,
PF,PF_NE2022,PF_NE2022,123,5/3/2022,2,0,,,0,,,2.98004,
PF,PF_NE2022,PF_NE2022,123,5/3/2022,3,0,,,0,,,2.26,
PF,PF_NE2022,PF_NE2022,123,5/3/2022,4,0,,,0,,,2.49004,
PF,PF_NE2022,PF_NE2022,123,5/3/2022,5,0,,,0,,,2.73,
PF,PF_NE2022,PF_NE2022,123,5/3/2022,6,0.1229184,,,0,,,2.96,
PF,PF_NE2022,PF_NE2022,123,5/3/2022,7,0.6346368,,,0,,,4.43004,
PF,PF_NE2022,PF_NE2022,123,5/3/2022,8,1.135296,,,0,,,5.91,
PF,PF_NE2022,PF_NE2022,123,5/3/2022,9,1.691568,,,0,,,7.38004,
PF,PF_NE2022,PF_NE2022,123,5/3/2022,10,2.250954,,,0,,,8.8,
PF,PF_NE2022,PF_NE2022,123,5/3/2022,11,2.6535888,,,0,,,10.21,
PF,PF_NE2022,PF_NE2022,123,5/3/2022,12,2.828268,,,0,,,11.63,
PF,PF_NE2022,PF_NE2022,123,5/3/2022,13,2.8627128,,,0,,,12.4,
PF,PF_NE2022,PF_NE2022,123,5/3/2022,14,2.7389016,,,0,,,13.17,
PF,PF_NE2022,PF_NE2022,123,5/3/2022,15,2.3967576,,,0,,,13.94,
PF,PF_NE2022,PF_NE2022,123,5/3/2022,16,1.995822,,,0,,,13.69,
PF,PF_NE2022,PF_NE2022,123,5/3/2022,17,1.4083848,,,0,,,13.45,
PF,PF_NE2022,PF_NE2022,123,5/3/2022,18,0.8167104,,,0,,,13.21,
PF,PF_NE2022,PF_NE2022,123,5/3/2022,19,0.310896,,,0,,,10.64,
PF,PF_NE2022,PF_NE2022,123,5/3/2022,20,0,,,0,,,8.07,
PF,PF_NE2022,PF_NE2022,123,5/3/2022,21,0,,,0,,,5.5,
PF,PF_NE2022,PF_NE2022,123,5/3/2022,22,0,,,0,,,5.26,
PF,PF_NE2022,PF_NE2022,123,5/3/2022,23,0,,,0,,,5.01,
PF,PF_NE2022,PF_NE2022,124,5/4/2022,0,0,,,0,,,4.77,
PF,PF_NE2022,PF_NE2022,124,5/4/2022,1,0,,,0,,,4.40004,
PF,PF_NE2022,PF_NE2022,124,5/4/2022,2,0,,,0,,,4.04,
PF,PF_NE2022,PF_NE2022,124,5/4/2022,3,0,,,0,,,3.67,
PF,PF_NE2022,PF_NE2022,124,5/4/2022,4,0,,,0,,,3.83,
PF,PF_NE2022,PF_NE2022,124,5/4/2022,5,0,,,0,,,3.98,
PF,PF_NE2022,PF_NE2022,124,5/4/2022,6,0.0661536,,,0,,,4.13,
PF,PF_NE2022,PF_NE2022,124,5/4/2022,7,0.3200256,,,0,,,4.82,
PF,PF_NE2022,PF_NE2022,124,5/4/2022,8,0.5683392,,,0,,,5.51,
PF,PF_NE2022,PF_NE2022,124,5/4/2022,9,0.5312988,,,0.3,,,6.21,
PF,PF_NE2022,PF_NE2022,124,5/4/2022,10,0.7060104,,,0,,,6.9,
PF,PF_NE2022,PF_NE2022,124,5/4/2022,11,0.8317656,,,0,,,7.6,
PF,PF_NE2022,PF_NE2022,124,5/4/2022,12,0.8636076,,,0,,,8.29004,
PF,PF_NE2022,PF_NE2022,124,5/4/2022,13,0.8739828,,,0,,,8.44,
PF,PF_NE2022,PF_NE2022,124,5/4/2022,14,0.836226,,,0,,,8.59004,
PF,PF_NE2022,PF_NE2022,124,5/4/2022,15,0.7473168,,,0,,,8.75,
PF,PF_NE2022,PF_NE2022,124,5/4/2022,16,0.6227928,,,0,,,8.96,
PF,PF_NE2022,PF_NE2022,124,5/4/2022,17,0.440136,,,0,,,9.17,
PF,PF_NE2022,PF_NE2022,124,5/4/2022,18,0.4030848,,,0,,,9.38,
PF,PF_NE2022,PF_NE2022,124,5/4/2022,19,0.155952,,,0,,,8.05,
PF,PF_NE2022,PF_NE2022,124,5/4/2022,20,0,,,0,,,6.73,
PF,PF_NE2022,PF_NE2022,124,5/4/2022,21,0,,,0.2,,,5.4,
PF,PF_NE2022,PF_NE2022,124,5/4/2022,22,0,,,0,,,5.32,
PF,PF_NE2022,PF_NE2022,124,5/4/2022,23,0,,,0,,,5.24,
PF,PF_NE2022,PF_NE2022,125,5/5/2022,0,0,,,0,,,5.17,
PF,PF_NE2022,PF_NE2022,125,5/5/2022,1,0,,,0,,,5.28,
PF,PF_NE2022,PF_NE2022,125,5/5/2022,2,0,,,0,,,5.4,
PF,PF_NE2022,PF_NE2022,125,5/5/2022,3,0,,,0,,,5.51,
PF,PF_NE2022,PF_NE2022,125,5/5/2022,4,0,,,0,,,5.56,
PF,PF_NE2022,PF_NE2022,125,5/5/2022,5,0,,,0.5,,,5.61,
PF,PF_NE2022,PF_NE2022,125,5/5/2022,6,0.0820512,,,0,,,5.66,
PF,PF_NE2022,PF_NE2022,125,5/5/2022,7,0.3744576,,,0,,,6.25,
PF,PF_NE2022,PF_NE2022,125,5/5/2022,8,0.6604668,,,0,,,6.84,
PF,PF_NE2022,PF_NE2022,125,5/5/2022,9,1.1446992,,,0,,,7.43,
PF,PF_NE2022,PF_NE2022,125,5/5/2022,10,1.5193044,,,0,,,8.92,
PF,PF_NE2022,PF_NE2022,125,5/5/2022,11,1.7885808,,,0,,,10.41,
PF,PF_NE2022,PF_NE2022,125,5/5/2022,12,2.2790952,,,0.6,,,11.89,
PF,PF_NE2022,PF_NE2022,125,5/5/2022,13,2.3062536,,,0,,,13.17,
PF,PF_NE2022,PF_NE2022,125,5/5/2022,14,2.2068576,,,0,,,14.44,
PF,PF_NE2022,PF_NE2022,125,5/5/2022,15,1.857582,,,0,,,15.72,
PF,PF_NE2022,PF_NE2022,125,5/5/2022,16,1.549134,,,0,,,15.54,
PF,PF_NE2022,PF_NE2022,125,5/5/2022,17,1.096506,,,0,,,15.37,
PF,PF_NE2022,PF_NE2022,125,5/5/2022,18,0.668736,,,0,,,15.2,
PF,PF_NE2022,PF_NE2022,125,5/5/2022,19,0.2628,,,0,,,13.9,
PF,PF_NE2022,PF_NE2022,125,5/5/2022,20,0,,,0,,,12.59,
PF,PF_NE2022,PF_NE2022,125,5/5/2022,21,0,,,0,,,11.29,
PF,PF_NE2022,PF_NE2022,125,5/5/2022,22,0,,,0,,,10.59,
PF,PF_NE2022,PF_NE2022,125,5/5/2022,23,0,,,0,,,9.9,
PF,PF_NE2022,PF_NE2022,126,5/6/2022,0,0,,,0,,,9.2,
PF,PF_NE2022,PF_NE2022,126,5/6/2022,1,0,,,0,,,8.49,
PF,PF_NE2022,PF_NE2022,126,5/6/2022,2,0,,,0,,,7.78,
PF,PF_NE2022,PF_NE2022,126,5/6/2022,3,0,,,0,,,7.07004,
PF,PF_NE2022,PF_NE2022,126,5/6/2022,4,0,,,0,,,6.89004,
PF,PF_NE2022,PF_NE2022,126,5/6/2022,5,0,,,0,,,6.7,
PF,PF_NE2022,PF_NE2022,126,5/6/2022,6,0.1462752,,,0,,,6.52,
PF,PF_NE2022,PF_NE2022,126,5/6/2022,7,0.6335424,,,0,,,8.72,
PF,PF_NE2022,PF_NE2022,126,5/6/2022,8,1.1101032,,,0,,,10.93,
PF,PF_NE2022,PF_NE2022,126,5/6/2022,9,1.534086,,,0,,,13.14,
PF,PF_NE2022,PF_NE2022,126,5/6/2022,10,2.0336184,,,0,,,15.28,
PF,PF_NE2022,PF_NE2022,126,5/6/2022,11,2.3923368,,,0,,,17.42,
PF,PF_NE2022,PF_NE2022,126,5/6/2022,12,2.7828324,,,0,,,19.55,
PF,PF_NE2022,PF_NE2022,126,5/6/2022,13,2.815524,,,0,,,21.36,
PF,PF_NE2022,PF_NE2022,126,5/6/2022,14,2.694528,,,0,,,23.16,
PF,PF_NE2022,PF_NE2022,126,5/6/2022,15,2.317788,,,0,,,24.96,
PF,PF_NE2022,PF_NE2022,126,5/6/2022,16,1.9343772,,,0,,,25.31,
PF,PF_NE2022,PF_NE2022,126,5/6/2022,17,1.3712616,,,0,,,25.66,
PF,PF_NE2022,PF_NE2022,126,5/6/2022,18,0.8221824,,,0,,,26.01,
PF,PF_NE2022,PF_NE2022,126,5/6/2022,19,0.3280032,,,0,,,23.45,
PF,PF_NE2022,PF_NE2022,126,5/6/2022,20,0,,,0,,,20.89,
PF,PF_NE2022,PF_NE2022,126,5/6/2022,21,0,,,0,,,18.34,
PF,PF_NE2022,PF_NE2022,126,5/6/2022,22,0,,,0,,,17.14,
PF,PF_NE2022,PF_NE2022,126,5/6/2022,23,0,,,0,,,15.95,
PF,PF_NE2022,PF_NE2022,127,5/7/2022,0,0,,,0,,,14.75,
PF,PF_NE2022,PF_NE2022,127,5/7/2022,1,0,,,0,,,13.81,
PF,PF_NE2022,PF_NE2022,127,5/7/2022,2,0,,,0,,,12.87,
PF,PF_NE2022,PF_NE2022,127,5/7/2022,3,0,,,0,,,11.93,
PF,PF_NE2022,PF_NE2022,127,5/7/2022,4,0,,,0,,,11.45,
PF,PF_NE2022,PF_NE2022,127,5/7/2022,5,0,,,0,,,10.97,
PF,PF_NE2022,PF_NE2022,127,5/7/2022,6,0.1556352,,,0,,,10.48,
PF,PF_NE2022,PF_NE2022,127,5/7/2022,7,0.6429312,,,0,,,12.78,
PF,PF_NE2022,PF_NE2022,127,5/7/2022,8,1.1194956,,,0,,,15.07,
PF,PF_NE2022,PF_NE2022,127,5/7/2022,9,1.5980076,,,0,,,17.37,
PF,PF_NE2022,PF_NE2022,127,5/7/2022,10,2.1158352,,,0,,,19.65,
PF,PF_NE2022,PF_NE2022,127,5/7/2022,11,2.4874488,,,0,,,21.93,
PF,PF_NE2022,PF_NE2022,127,5/7/2022,12,2.4570828,,,0,,,24.21,
PF,PF_NE2022,PF_NE2022,127,5/7/2022,13,2.485674,,,0,,,25.31,
PF,PF_NE2022,PF_NE2022,127,5/7/2022,14,2.3790168,,,0,,,26.41,
PF,PF_NE2022,PF_NE2022,127,5/7/2022,15,2.2308156,,,0,,,27.51,
PF,PF_NE2022,PF_NE2022,127,5/7/2022,16,1.8630684,,,0,,,27.53,
PF,PF_NE2022,PF_NE2022,127,5/7/2022,17,1.3227228,,,0,,,27.55,
PF,PF_NE2022,PF_NE2022,127,5/7/2022,18,0.7929216,,,0,,,27.57,
PF,PF_NE2022,PF_NE2022,127,5/7/2022,19,0.3209184,,,0,,,25.48,
PF,PF_NE2022,PF_NE2022,127,5/7/2022,20,0,,,0,,,23.39,
PF,PF_NE2022,PF_NE2022,127,5/7/2022,21,0,,,5.1,,,21.3,
PF,PF_NE2022,PF_NE2022,127,5/7/2022,22,0,,,1.1,,,20.17,
PF,PF_NE2022,PF_NE2022,127,5/7/2022,23,0,,,0.5,,,19.04,
PF,PF_NE2022,PF_NE2022,128,5/8/2022,0,0,,,0,,,17.91,
PF,PF_NE2022,PF_NE2022,128,5/8/2022,1,0,,,0,,,17.33,
PF,PF_NE2022,PF_NE2022,128,5/8/2022,2,0,,,0.3,,,16.74,
PF,PF_NE2022,PF_NE2022,128,5/8/2022,3,0,,,1,,,16.16,
PF,PF_NE2022,PF_NE2022,128,5/8/2022,4,0,,,0.8,,,15.35,
PF,PF_NE2022,PF_NE2022,128,5/8/2022,5,0,,,0,,,14.54,
PF,PF_NE2022,PF_NE2022,128,5/8/2022,6,0.16632,,,0,,,13.73,
PF,PF_NE2022,PF_NE2022,128,5/8/2022,7,0.6581376,,,0,,,14.91,
PF,PF_NE2022,PF_NE2022,128,5/8/2022,8,1.1390976,,,0,,,16.08,
PF,PF_NE2022,PF_NE2022,128,5/8/2022,9,1.6618716,,,0,,,17.26,
PF,PF_NE2022,PF_NE2022,128,5/8/2022,10,2.19789,,,0,,,18.66,
PF,PF_NE2022,PF_NE2022,128,5/8/2022,11,2.5823016,,,0,,,20.06,
PF,PF_NE2022,PF_NE2022,128,5/8/2022,12,2.6961804,,,0,,,21.46,
PF,PF_NE2022,PF_NE2022,128,5/8/2022,13,2.727432,,,0,,,22.2,
PF,PF_NE2022,PF_NE2022,128,5/8/2022,14,2.6106804,,,0,,,22.95,
PF,PF_NE2022,PF_NE2022,128,5/8/2022,15,2.3192748,,,0,,,23.69,
PF,PF_NE2022,PF_NE2022,128,5/8/2022,16,1.93842,,,0,,,23.59,
PF,PF_NE2022,PF_NE2022,128,5/8/2022,17,1.3782204,,,0,,,23.5,
PF,PF_NE2022,PF_NE2022,128,5/8/2022,18,0.9141696,,,0,,,23.4,
PF,PF_NE2022,PF_NE2022,128,5/8/2022,19,0.3751488,,,0,,,21.65,
PF,PF_NE2022,PF_NE2022,128,5/8/2022,20,0,,,0,,,19.89,
PF,PF_NE2022,PF_NE2022,128,5/8/2022,21,0,,,0,,,18.14,
PF,PF_NE2022,PF_NE2022,128,5/8/2022,22,0,,,0,,,18.26,
PF,PF_NE2022,PF_NE2022,128,5/8/2022,23,0,,,0,,,18.38,
PF,PF_NE2022,PF_NE2022,129,5/9/2022,0,0,,,0,,,18.51,
PF,PF_NE2022,PF_NE2022,129,5/9/2022,1,0,,,0,,,18.19,
PF,PF_NE2022,PF_NE2022,129,5/9/2022,2,0,,,0,,,17.87,
PF,PF_NE2022,PF_NE2022,129,5/9/2022,3,0,,,0,,,17.55,
PF,PF_NE2022,PF_NE2022,129,5/9/2022,4,0,,,0,,,16.53,
PF,PF_NE2022,PF_NE2022,129,5/9/2022,5,0,,,0,,,15.51,
PF,PF_NE2022,PF_NE2022,129,5/9/2022,6,0.1777248,,,0,,,14.49,
PF,PF_NE2022,PF_NE2022,129,5/9/2022,7,0.6761664,,,0,,,16.54,
PF,PF_NE2022,PF_NE2022,129,5/9/2022,8,1.1634768,,,0,,,18.59,
PF,PF_NE2022,PF_NE2022,129,5/9/2022,9,1.6415748,,,0,,,20.64,
PF,PF_NE2022,PF_NE2022,129,5/9/2022,10,2.1686076,,,0,,,21.75,
PF,PF_NE2022,PF_NE2022,129,5/9/2022,11,2.5464096,,,0,,,22.85,
PF,PF_NE2022,PF_NE2022,129,5/9/2022,12,2.7378036,,,0,,,23.96,
PF,PF_NE2022,PF_NE2022,129,5/9/2022,13,2.7691812,,,0,,,24.43,
PF,PF_NE2022,PF_NE2022,129,5/9/2022,14,2.6509896,,,0,,,24.91,
PF,PF_NE2022,PF_NE2022,129,5/9/2022,15,2.3977584,,,0,,,25.38,
PF,PF_NE2022,PF_NE2022,129,5/9/2022,16,2.005506,,,0,,,25.55,
PF,PF_NE2022,PF_NE2022,129,5/9/2022,17,1.427994,,,0,,,25.72,
PF,PF_NE2022,PF_NE2022,129,5/9/2022,18,0.8407296,,,0,,,25.88,
PF,PF_NE2022,PF_NE2022,129,5/9/2022,19,0.3496608,,,0,,,23.27,
PF,PF_NE2022,PF_NE2022,129,5/9/2022,20,0,,,0,,,20.65,
PF,PF_NE2022,PF_NE2022,129,5/9/2022,21,0,,,0,,,18.04,
PF,PF_NE2022,PF_NE2022,129,5/9/2022,22,0,,,0,,,16.46,
PF,PF_NE2022,PF_NE2022,129,5/9/2022,23,0,,,0,,,14.87,
PF,PF_NE2022,PF_NE2022,130,5/10/2022,0,0,,,0,,,13.29,
PF,PF_NE2022,PF_NE2022,130,5/10/2022,1,0,,,0,,,12.26,
PF,PF_NE2022,PF_NE2022,130,5/10/2022,2,0,,,0,,,11.24,
PF,PF_NE2022,PF_NE2022,130,5/10/2022,3,0,,,0,,,10.21,
PF,PF_NE2022,PF_NE2022,130,5/10/2022,4,0,,,0,,,9.94,
PF,PF_NE2022,PF_NE2022,130,5/10/2022,5,0,,,0,,,9.66,
PF,PF_NE2022,PF_NE2022,130,5/10/2022,6,0.1871712,,,0,,,9.39,
PF,PF_NE2022,PF_NE2022,130,5/10/2022,7,0.68688,,,0,,,11.42,
PF,PF_NE2022,PF_NE2022,130,5/10/2022,8,1.1753964,,,0,,,13.44,
PF,PF_NE2022,PF_NE2022,130,5/10/2022,9,1.7030952,,,0,,,15.47,
PF,PF_NE2022,PF_NE2022,130,5/10/2022,10,2.2474872,,,0,,,16.9,
PF,PF_NE2022,PF_NE2022,130,5/10/2022,11,2.637522,,,0,,,18.33,
PF,PF_NE2022,PF_NE2022,130,5/10/2022,12,2.7486324,,,0,,,19.76,
PF,PF_NE2022,PF_NE2022,130,5/10/2022,13,2.7799524,,,0,,,20.75,
PF,PF_NE2022,PF_NE2022,130,5/10/2022,14,2.6615196,,,0,,,21.73,
PF,PF_NE2022,PF_NE2022,130,5/10/2022,15,2.4110748,,,0,,,22.72,
PF,PF_NE2022,PF_NE2022,130,5/10/2022,16,2.01807,,,0,,,22.85,
PF,PF_NE2022,PF_NE2022,130,5/10/2022,17,1.4390316,,,0,,,22.98,
PF,PF_NE2022,PF_NE2022,130,5/10/2022,18,0.8714304,,,0,,,23.11,
PF,PF_NE2022,PF_NE2022,130,5/10/2022,19,0.3671424,,,0,,,21.31,
PF,PF_NE2022,PF_NE2022,130,5/10/2022,20,0,,,0,,,19.51,
PF,PF_NE2022,PF_NE2022,130,5/10/2022,21,0,,,0,,,17.72,
PF,PF_NE2022,PF_NE2022,130,5/10/2022,22,0,,,0,,,17.09,
PF,PF_NE2022,PF_NE2022,130,5/10/2022,23,0,,,0,,,16.45,
PF,PF_NE2022,PF_NE2022,131,5/11/2022,0,0,,,0,,,15.82,
PF,PF_NE2022,PF_NE2022,131,5/11/2022,1,0,,,0,,,15.36,
PF,PF_NE2022,PF_NE2022,131,5/11/2022,2,0,,,0,,,14.9,
PF,PF_NE2022,PF_NE2022,131,5/11/2022,3,0,,,0,,,14.44,
PF,PF_NE2022,PF_NE2022,131,5/11/2022,4,0,,,0,,,14.55,
PF,PF_NE2022,PF_NE2022,131,5/11/2022,5,0,,,0,,,14.66,
PF,PF_NE2022,PF_NE2022,131,5/11/2022,6,0.1856736,,,0,,,14.77,
PF,PF_NE2022,PF_NE2022,131,5/11/2022,7,0.6591744,,,0,,,16.73,
PF,PF_NE2022,PF_NE2022,131,5/11/2022,8,1.12203,,,0,,,18.7,
PF,PF_NE2022,PF_NE2022,131,5/11/2022,9,1.2579408,,,0,,,20.66,
PF,PF_NE2022,PF_NE2022,131,5/11/2022,10,1.6582788,,,0,,,22.75,
PF,PF_NE2022,PF_NE2022,131,5/11/2022,11,1.9450836,,,0,,,24.84,
PF,PF_NE2022,PF_NE2022,131,5/11/2022,12,2.7360396,,,0,,,26.92,
PF,PF_NE2022,PF_NE2022,131,5/11/2022,13,2.7670572,,,0,,,28.63,
PF,PF_NE2022,PF_NE2022,131,5/11/2022,14,2.6495604,,,0,,,30.33,
PF,PF_NE2022,PF_NE2022,131,5/11/2022,15,2.42127,,,0,,,32.04,
PF,PF_NE2022,PF_NE2022,131,5/11/2022,16,2.0280564,,,0,,,32.47,
PF,PF_NE2022,PF_NE2022,131,5/11/2022,17,1.4482152,,,0,,,32.9,
PF,PF_NE2022,PF_NE2022,131,5/11/2022,18,0.8631936,,,0,,,33.33,
PF,PF_NE2022,PF_NE2022,131,5/11/2022,19,0.368208,,,0,,,30.39,
PF,PF_NE2022,PF_NE2022,131,5/11/2022,20,0,,,0,,,27.45,
PF,PF_NE2022,PF_NE2022,131,5/11/2022,21,0,,,0,,,24.5,
PF,PF_NE2022,PF_NE2022,131,5/11/2022,22,0,,,0,,,24.34,
PF,PF_NE2022,PF_NE2022,131,5/11/2022,23,0,,,0,,,24.18,
PF,PF_NE2022,PF_NE2022,132,5/12/2022,0,0,,,0,,,24.02,
PF,PF_NE2022,PF_NE2022,132,5/12/2022,1,0,,,0,,,23.11,
PF,PF_NE2022,PF_NE2022,132,5/12/2022,2,0,,,0,,,22.2,
PF,PF_NE2022,PF_NE2022,132,5/12/2022,3,0,,,0,,,21.29,
PF,PF_NE2022,PF_NE2022,132,5/12/2022,4,0,,,0,,,20.3,
PF,PF_NE2022,PF_NE2022,132,5/12/2022,5,0,,,0,,,19.31,
PF,PF_NE2022,PF_NE2022,132,5/12/2022,6,0.1952352,,,0,,,18.32,
PF,PF_NE2022,PF_NE2022,132,5/12/2022,7,0.6723072,,,0,,,20.65,
PF,PF_NE2022,PF_NE2022,132,5/12/2022,8,1.1386728,,,0,,,22.99,
PF,PF_NE2022,PF_NE2022,132,5/12/2022,9,1.6187616,,,0,,,25.33,
PF,PF_NE2022,PF_NE2022,132,5/12/2022,10,2.131866,,,0,,,27.3,
PF,PF_NE2022,PF_NE2022,132,5/12/2022,11,2.499156,,,0,,,29.27,
PF,PF_NE2022,PF_NE2022,132,5/12/2022,12,2.6474472,,,0,,,31.24,
PF,PF_NE2022,PF_NE2022,132,5/12/2022,13,2.6772228,,,0,,,31.41,
PF,PF_NE2022,PF_NE2022,132,5/12/2022,14,2.5639164,,,0,,,31.58,
PF,PF_NE2022,PF_NE2022,132,5/12/2022,15,2.493432,,,0,,,31.75,
PF,PF_NE2022,PF_NE2022,132,5/12/2022,16,2.0899944,,,0,,,30.64,
PF,PF_NE2022,PF_NE2022,132,5/12/2022,17,1.4945112,,,0,,,29.53,
PF,PF_NE2022,PF_NE2022,132,5/12/2022,18,0.8886528,,,0,,,28.42,
PF,PF_NE2022,PF_NE2022,132,5/12/2022,19,0.383616,,,0,,,25.24,
PF,PF_NE2022,PF_NE2022,132,5/12/2022,20,0,,,0,,,22.05,
PF,PF_NE2022,PF_NE2022,132,5/12/2022,21,0,,,0,,,18.87,
PF,PF_NE2022,PF_NE2022,132,5/12/2022,22,0,,,0,,,17.43,
PF,PF_NE2022,PF_NE2022,132,5/12/2022,23,0,,,0,,,15.99,
PF,PF_NE2022,PF_NE2022,133,5/13/2022,0,0,,,0,,,14.55,
PF,PF_NE2022,PF_NE2022,133,5/13/2022,1,0,,,0,,,13.37,
PF,PF_NE2022,PF_NE2022,133,5/13/2022,2,0,,,0,,,12.19,
PF,PF_NE2022,PF_NE2022,133,5/13/2022,3,0,,,0,,,11.01,
PF,PF_NE2022,PF_NE2022,133,5/13/2022,4,0,,,0,,,10.46,
PF,PF_NE2022,PF_NE2022,133,5/13/2022,5,0,,,0,,,9.91,
PF,PF_NE2022,PF_NE2022,133,5/13/2022,6,0.2148192,,,0,,,9.37,
PF,PF_NE2022,PF_NE2022,133,5/13/2022,7,0.7191936,,,0,,,11.79,
PF,PF_NE2022,PF_NE2022,133,5/13/2022,8,1.2122028,,,0,,,14.21,
PF,PF_NE2022,PF_NE2022,133,5/13/2022,9,1.7716896,,,0,,,16.64,
PF,PF_NE2022,PF_NE2022,133,5/13/2022,10,2.3310612,,,0,,,18.85,
PF,PF_NE2022,PF_NE2022,133,5/13/2022,11,2.7312624,,,0,,,21.07,
PF,PF_NE2022,PF_NE2022,133,5/13/2022,12,2.9432844,,,0,,,23.29,
PF,PF_NE2022,PF_NE2022,133,5/13/2022,13,2.9763288,,,0,,,23.89,
PF,PF_NE2022,PF_NE2022,133,5/13/2022,14,2.8505844,,,0,,,24.49,
PF,PF_NE2022,PF_NE2022,133,5/13/2022,15,2.4922152,,,0,,,25.1,
PF,PF_NE2022,PF_NE2022,133,5/13/2022,16,2.09043,,,0,,,24.79,
PF,PF_NE2022,PF_NE2022,133,5/13/2022,17,1.4969376,,,0,,,24.47,
PF,PF_NE2022,PF_NE2022,133,5/13/2022,18,0.5409216,,,0,,,24.16,
PF,PF_NE2022,PF_NE2022,133,5/13/2022,19,0.2361888,,,0,,,21.73,
PF,PF_NE2022,PF_NE2022,133,5/13/2022,20,0,,,0,,,19.3,
PF,PF_NE2022,PF_NE2022,133,5/13/2022,21,0,,,0,,,16.87,
PF,PF_NE2022,PF_NE2022,133,5/13/2022,22,0,,,0,,,16.09,
PF,PF_NE2022,PF_NE2022,133,5/13/2022,23,0,,,0,,,15.3,
PF,PF_NE2022,PF_NE2022,134,5/14/2022,0,0,,,0,,,14.51,
PF,PF_NE2022,PF_NE2022,134,5/14/2022,1,0,,,0,,,13.72,
PF,PF_NE2022,PF_NE2022,134,5/14/2022,2,0,,,0,,,12.93,
PF,PF_NE2022,PF_NE2022,134,5/14/2022,3,0,,,0,,,12.14,
PF,PF_NE2022,PF_NE2022,134,5/14/2022,4,0,,,0,,,11.76,
PF,PF_NE2022,PF_NE2022,134,5/14/2022,5,0,,,0,,,11.38,
PF,PF_NE2022,PF_NE2022,134,5/14/2022,6,0.217296,,,0,,,11,
PF,PF_NE2022,PF_NE2022,134,5/14/2022,7,0.7087104,,,0,,,13.64,
PF,PF_NE2022,PF_NE2022,134,5/14/2022,8,1.1890728,,,0,,,16.27,
PF,PF_NE2022,PF_NE2022,134,5/14/2022,9,1.7147088,,,0,,,18.9,
PF,PF_NE2022,PF_NE2022,134,5/14/2022,10,2.25405,,,0,,,20.93,
PF,PF_NE2022,PF_NE2022,134,5/14/2022,11,2.6398116,,,0,,,22.95,
PF,PF_NE2022,PF_NE2022,134,5/14/2022,12,2.8005084,,,0,,,24.98,
PF,PF_NE2022,PF_NE2022,134,5/14/2022,13,2.8318248,,,0,,,25.53,
PF,PF_NE2022,PF_NE2022,134,5/14/2022,14,2.7126324,,,0,,,26.08,
PF,PF_NE2022,PF_NE2022,134,5/14/2022,15,2.3992668,,,0,,,26.62,
PF,PF_NE2022,PF_NE2022,134,5/14/2022,16,2.013858,,,0,,,26.43,
PF,PF_NE2022,PF_NE2022,134,5/14/2022,17,1.4440752,,,0,,,26.24,
PF,PF_NE2022,PF_NE2022,134,5/14/2022,18,0.8090496,,,0,,,26.04,
PF,PF_NE2022,PF_NE2022,134,5/14/2022,19,0.3572352,,,0,,,23.58,
PF,PF_NE2022,PF_NE2022,134,5/14/2022,20,0,,,0,,,21.11,
PF,PF_NE2022,PF_NE2022,134,5/14/2022,21,0,,,0,,,18.64,
PF,PF_NE2022,PF_NE2022,134,5/14/2022,22,0,,,0,,,18.16,
PF,PF_NE2022,PF_NE2022,134,5/14/2022,23,0,,,0,,,17.67,
PF,PF_NE2022,PF_NE2022,135,5/15/2022,0,0,,,0,,,17.19,
PF,PF_NE2022,PF_NE2022,135,5/15/2022,1,0,,,0,,,16.09,
PF,PF_NE2022,PF_NE2022,135,5/15/2022,2,0,,,0,,,14.99,
PF,PF_NE2022,PF_NE2022,135,5/15/2022,3,0,,,0,,,13.88,
PF,PF_NE2022,PF_NE2022,135,5/15/2022,4,0,,,2.2,,,13.12,
PF,PF_NE2022,PF_NE2022,135,5/15/2022,5,0,,,0,,,12.36,
PF,PF_NE2022,PF_NE2022,135,5/15/2022,6,0.2227392,,,0,,,11.61,
PF,PF_NE2022,PF_NE2022,135,5/15/2022,7,0.7089984,,,0,,,13.87,
PF,PF_NE2022,PF_NE2022,135,5/15/2022,8,1.1844072,,,0,,,16.14,
PF,PF_NE2022,PF_NE2022,135,5/15/2022,9,1.7366292,,,0,,,18.41,
PF,PF_NE2022,PF_NE2022,135,5/15/2022,10,2.2809348,,,0,,,20.01,
PF,PF_NE2022,PF_NE2022,135,5/15/2022,11,2.6700516,,,0,,,21.61,
PF,PF_NE2022,PF_NE2022,135,5/15/2022,12,2.9005524,,,0,,,23.21,
PF,PF_NE2022,PF_NE2022,135,5/15/2022,13,2.9329272,,,0,,,23.36,
PF,PF_NE2022,PF_NE2022,135,5/15/2022,14,2.809854,,,0,,,23.52,
PF,PF_NE2022,PF_NE2022,135,5/15/2022,15,2.4686424,,,0,,,23.67,
PF,PF_NE2022,PF_NE2022,135,5/15/2022,16,2.0735244,,,0,,,23.31,
PF,PF_NE2022,PF_NE2022,135,5/15/2022,17,1.4888268,,,0,,,22.95,
PF,PF_NE2022,PF_NE2022,135,5/15/2022,18,0.8966016,,,0,,,22.59,
PF,PF_NE2022,PF_NE2022,135,5/15/2022,19,0.4001472,,,0,,,21.25,
PF,PF_NE2022,PF_NE2022,135,5/15/2022,20,0,,,0,,,19.92,
PF,PF_NE2022,PF_NE2022,135,5/15/2022,21,0,,,0,,,18.59,
PF,PF_NE2022,PF_NE2022,135,5/15/2022,22,0,,,0,,,17.31,
PF,PF_NE2022,PF_NE2022,135,5/15/2022,23,0,,,0,,,16.04,
PF,PF_NE2022,PF_NE2022,136,5/16/2022,0,0,,,0,,,14.76,
PF,PF_NE2022,PF_NE2022,136,5/16/2022,1,0,,,0,,,14,
PF,PF_NE2022,PF_NE2022,136,5/16/2022,2,0,,,0,,,13.25,
PF,PF_NE2022,PF_NE2022,136,5/16/2022,3,0,,,0,,,12.49,
PF,PF_NE2022,PF_NE2022,136,5/16/2022,4,0,,,0,,,12.02,
PF,PF_NE2022,PF_NE2022,136,5/16/2022,5,0,,,0,,,11.55,
PF,PF_NE2022,PF_NE2022,136,5/16/2022,6,0.2295648,,,0,,,11.07,
PF,PF_NE2022,PF_NE2022,136,5/16/2022,7,0.714528,,,0,,,13.79,
PF,PF_NE2022,PF_NE2022,136,5/16/2022,8,1.1886228,,,0,,,16.5,
PF,PF_NE2022,PF_NE2022,136,5/16/2022,9,1.7207496,,,0,,,19.21,
PF,PF_NE2022,PF_NE2022,136,5/16/2022,10,2.258172,,,0,,,21.32,
PF,PF_NE2022,PF_NE2022,136,5/16/2022,11,2.64222,,,0,,,23.43,
PF,PF_NE2022,PF_NE2022,136,5/16/2022,12,2.8775988,,,0,,,25.54,
PF,PF_NE2022,PF_NE2022,136,5/16/2022,13,2.9095884,,,0,,,26.6,
PF,PF_NE2022,PF_NE2022,136,5/16/2022,14,2.7879336,,,0,,,27.65,
PF,PF_NE2022,PF_NE2022,136,5/16/2022,15,2.4558228,,,0,,,28.7,
PF,PF_NE2022,PF_NE2022,136,5/16/2022,16,2.0641788,,,0,,,28.76,
PF,PF_NE2022,PF_NE2022,136,5/16/2022,17,1.4841504,,,0,,,28.81,
PF,PF_NE2022,PF_NE2022,136,5/16/2022,18,0.8798976,,,0,,,28.87,
PF,PF_NE2022,PF_NE2022,136,5/16/2022,19,0.3967776,,,0,,,26.61,
PF,PF_NE2022,PF_NE2022,136,5/16/2022,20,0,,,0,,,24.34,
PF,PF_NE2022,PF_NE2022,136,5/16/2022,21,0,,,0,,,22.08,
PF,PF_NE2022,PF_NE2022,136,5/16/2022,22,0,,,0,,,21.13,
PF,PF_NE2022,PF_NE2022,136,5/16/2022,23,0,,,0,,,20.18,
PF,PF_NE2022,PF_NE2022,137,5/17/2022,0,0,,,0,,,19.23,
PF,PF_NE2022,PF_NE2022,137,5/17/2022,1,0,,,0,,,18.43,
PF,PF_NE2022,PF_NE2022,137,5/17/2022,2,0,,,0,,,17.63,
PF,PF_NE2022,PF_NE2022,137,5/17/2022,3,0,,,0,,,16.83,
PF,PF_NE2022,PF_NE2022,137,5/17/2022,4,0,,,0,,,16.55,
PF,PF_NE2022,PF_NE2022,137,5/17/2022,5,0,,,0,,,16.27,
PF,PF_NE2022,PF_NE2022,137,5/17/2022,6,0.2107584,,,0,,,15.99,
PF,PF_NE2022,PF_NE2022,137,5/17/2022,7,0.6424128,,,0,,,17.79,
PF,PF_NE2022,PF_NE2022,137,5/17/2022,8,1.0644012,,,0,,,19.59,
PF,PF_NE2022,PF_NE2022,137,5/17/2022,9,1.465308,,,0,,,21.39,
PF,PF_NE2022,PF_NE2022,137,5/17/2022,10,1.9214352,,,0,,,23.25,
PF,PF_NE2022,PF_NE2022,137,5/17/2022,11,2.247264,,,0,,,25.11,
PF,PF_NE2022,PF_NE2022,137,5/17/2022,12,2.833398,,,0,,,26.97,
PF,PF_NE2022,PF_NE2022,137,5/17/2022,13,2.8649124,,,0,,,27.8,
PF,PF_NE2022,PF_NE2022,137,5/17/2022,14,2.7455544,,,0,,,28.63,
PF,PF_NE2022,PF_NE2022,137,5/17/2022,15,2.446074,,,0,,,29.47,
PF,PF_NE2022,PF_NE2022,137,5/17/2022,16,2.0573892,,,0,,,29.03,
PF,PF_NE2022,PF_NE2022,137,5/17/2022,17,1.481148,,,0,,,28.59,
PF,PF_NE2022,PF_NE2022,137,5/17/2022,18,0.9032256,,,0,,,28.15,
PF,PF_NE2022,PF_NE2022,137,5/17/2022,19,0.4113792,,,0,,,26.08,
PF,PF_NE2022,PF_NE2022,137,5/17/2022,20,0,,,0,,,24,
PF,PF_NE2022,PF_NE2022,137,5/17/2022,21,0,,,0,,,21.92,
PF,PF_NE2022,PF_NE2022,137,5/17/2022,22,0,,,0,,,21.24,
PF,PF_NE2022,PF_NE2022,137,5/17/2022,23,0,,,0,,,20.56,
PF,PF_NE2022,PF_NE2022,138,5/18/2022,0,0,,,0,,,19.88,
PF,PF_NE2022,PF_NE2022,138,5/18/2022,1,0,,,0,,,19.24,
PF,PF_NE2022,PF_NE2022,138,5/18/2022,2,0,,,0,,,18.6,
PF,PF_NE2022,PF_NE2022,138,5/18/2022,3,0,,,0,,,17.96,
PF,PF_NE2022,PF_NE2022,138,5/18/2022,4,0,,,0,,,17.37,
PF,PF_NE2022,PF_NE2022,138,5/18/2022,5,0,,,0,,,16.78,
PF,PF_NE2022,PF_NE2022,138,5/18/2022,6,0.2434176,,,0,,,16.2,
PF,PF_NE2022,PF_NE2022,138,5/18/2022,7,0.7276608,,,0,,,18.34,
PF,PF_NE2022,PF_NE2022,138,5/18/2022,8,1.2010788,,,0,,,20.49,
PF,PF_NE2022,PF_NE2022,138,5/18/2022,9,1.741302,,,0,,,22.64,
PF,PF_NE2022,PF_NE2022,138,5/18/2022,10,2.2816116,,,0,,,24.25,
PF,PF_NE2022,PF_NE2022,138,5/18/2022,11,2.6674488,,,0,,,25.86,
PF,PF_NE2022,PF_NE2022,138,5/18/2022,12,2.8875492,,,0,,,27.47,
PF,PF_NE2022,PF_NE2022,138,5/18/2022,13,2.9196432,,,0,,,28.24,
PF,PF_NE2022,PF_NE2022,138,5/18/2022,14,2.7984276,,,0,,,29.01,
PF,PF_NE2022,PF_NE2022,138,5/18/2022,15,2.4612336,,,0,,,29.79,
PF,PF_NE2022,PF_NE2022,138,5/18/2022,16,2.0715408,,,0,,,29.65,
PF,PF_NE2022,PF_NE2022,138,5/18/2022,17,1.4933124,,,0,,,29.52,
PF,PF_NE2022,PF_NE2022,138,5/18/2022,18,0.8997696,,,0,,,29.39,
PF,PF_NE2022,PF_NE2022,138,5/18/2022,19,0.4137408,,,0,,,27.11,
PF,PF_NE2022,PF_NE2022,138,5/18/2022,20,0,,,0,,,24.84,
PF,PF_NE2022,PF_NE2022,138,5/18/2022,21,0,,,0,,,22.56,
PF,PF_NE2022,PF_NE2022,138,5/18/2022,22,0,,,0,,,21.47,
PF,PF_NE2022,PF_NE2022,138,5/18/2022,23,0,,,0,,,20.38,
PF,PF_NE2022,PF_NE2022,139,5/19/2022,0,0,,,0,,,19.29,
PF,PF_NE2022,PF_NE2022,139,5/19/2022,1,0,,,0,,,18.41,
PF,PF_NE2022,PF_NE2022,139,5/19/2022,2,0,,,0,,,17.54,
PF,PF_NE2022,PF_NE2022,139,5/19/2022,3,0,,,0,,,16.66,
PF,PF_NE2022,PF_NE2022,139,5/19/2022,4,0,,,0,,,16.42,
PF,PF_NE2022,PF_NE2022,139,5/19/2022,5,0,,,0,,,16.18,
PF,PF_NE2022,PF_NE2022,139,5/19/2022,6,0.2527776,,,0,,,15.95,
PF,PF_NE2022,PF_NE2022,139,5/19/2022,7,0.7420032,,,0,,,18.73,
PF,PF_NE2022,PF_NE2022,139,5/19/2022,8,1.220346,,,0,,,21.51,
PF,PF_NE2022,PF_NE2022,139,5/19/2022,9,1.7477604,,,0,,,24.29,
PF,PF_NE2022,PF_NE2022,139,5/19/2022,10,2.288394,,,0,,,26.95,
PF,PF_NE2022,PF_NE2022,139,5/19/2022,11,2.67444,,,0,,,29.62,
PF,PF_NE2022,PF_NE2022,139,5/19/2022,12,2.8066824,,,0,,,32.28,
PF,PF_NE2022,PF_NE2022,139,5/19/2022,13,2.8378836,,,0,,,32.79,
PF,PF_NE2022,PF_NE2022,139,5/19/2022,14,2.7205488,,,0,,,33.3,
PF,PF_NE2022,PF_NE2022,139,5/19/2022,15,2.1209004,,,0,,,33.8,
PF,PF_NE2022,PF_NE2022,139,5/19/2022,16,1.7863308,,,0,,,33.18,
PF,PF_NE2022,PF_NE2022,139,5/19/2022,17,1.2892932,,,0,,,32.56,
PF,PF_NE2022,PF_NE2022,139,5/19/2022,18,0.58176,,,0,,,31.94,
PF,PF_NE2022,PF_NE2022,139,5/19/2022,19,0.27,,,0,,,29.33,
PF,PF_NE2022,PF_NE2022,139,5/19/2022,20,0,,,0,,,26.73,
PF,PF_NE2022,PF_NE2022,139,5/19/2022,21,0,,,0,,,24.12,
PF,PF_NE2022,PF_NE2022,139,5/19/2022,22,0,,,0,,,19.9,
PF,PF_NE2022,PF_NE2022,139,5/19/2022,23,0,,,0,,,15.67,
PF,PF_NE2022,PF_NE2022,140,5/20/2022,0,0,,,0,,,11.45,
PF,PF_NE2022,PF_NE2022,140,5/20/2022,1,0,,,0,,,10.4,
PF,PF_NE2022,PF_NE2022,140,5/20/2022,2,0,,,0,,,9.35,
PF,PF_NE2022,PF_NE2022,140,5/20/2022,3,0,,,0,,,8.31,
PF,PF_NE2022,PF_NE2022,140,5/20/2022,4,0,,,0,,,8.37,
PF,PF_NE2022,PF_NE2022,140,5/20/2022,5,0,,,0,,,8.44,
PF,PF_NE2022,PF_NE2022,140,5/20/2022,6,0.153504,,,0,,,8.51,
PF,PF_NE2022,PF_NE2022,140,5/20/2022,7,0.4430592,,,0,,,9.33,
PF,PF_NE2022,PF_NE2022,140,5/20/2022,8,0.7262028,,,0,,,10.15,
PF,PF_NE2022,PF_NE2022,140,5/20/2022,9,0.906444,,,0,,,10.97,
PF,PF_NE2022,PF_NE2022,140,5/20/2022,10,1.1860092,,,0,,,11.82,
PF,PF_NE2022,PF_NE2022,140,5/20/2022,11,1.3856292,,,0,,,12.68,
PF,PF_NE2022,PF_NE2022,140,5/20/2022,12,1.2229416,,,0,,,13.53,
PF,PF_NE2022,PF_NE2022,140,5/20/2022,13,1.2364776,,,0,,,13.57,
PF,PF_NE2022,PF_NE2022,140,5/20/2022,14,1.1855412,,,0,,,13.61,
PF,PF_NE2022,PF_NE2022,140,5/20/2022,15,1.0457712,,,0,,,13.66,
PF,PF_NE2022,PF_NE2022,140,5/20/2022,16,0.8813448,,,0,,,13.17,
PF,PF_NE2022,PF_NE2022,140,5/20/2022,17,0.636894,,,0,,,12.69,
PF,PF_NE2022,PF_NE2022,140,5/20/2022,18,0.347904,,,0,,,12.21,
PF,PF_NE2022,PF_NE2022,140,5/20/2022,19,0.1628928,,,0,,,11.12,
PF,PF_NE2022,PF_NE2022,140,5/20/2022,20,0,,,0,,,10.04,
PF,PF_NE2022,PF_NE2022,140,5/20/2022,21,0,,,0,,,8.95004,
PF,PF_NE2022,PF_NE2022,140,5/20/2022,22,0,,,0,,,8.26,
PF,PF_NE2022,PF_NE2022,140,5/20/2022,23,0,,,0,,,7.57004,
PF,PF_NE2022,PF_NE2022,141,5/21/2022,0,0,,,0,,,6.88,
PF,PF_NE2022,PF_NE2022,141,5/21/2022,1,0,,,0,,,6.12,
PF,PF_NE2022,PF_NE2022,141,5/21/2022,2,0,,,0,,,5.35,
PF,PF_NE2022,PF_NE2022,141,5/21/2022,3,0,,,0,,,4.59,
PF,PF_NE2022,PF_NE2022,141,5/21/2022,4,0,,,0,,,4.69,
PF,PF_NE2022,PF_NE2022,141,5/21/2022,5,0,,,0,,,4.80004,
PF,PF_NE2022,PF_NE2022,141,5/21/2022,6,0.1628064,,,0,,,4.9,
PF,PF_NE2022,PF_NE2022,141,5/21/2022,7,0.4625856,,,0,,,5.83,
PF,PF_NE2022,PF_NE2022,141,5/21/2022,8,0.755694,,,0,,,6.76,
PF,PF_NE2022,PF_NE2022,141,5/21/2022,9,0.65997,,,0,,,7.69,
PF,PF_NE2022,PF_NE2022,141,5/21/2022,10,0.862992,,,0,,,8.19,
PF,PF_NE2022,PF_NE2022,141,5/21/2022,11,1.0078668,,,0,,,8.68,
PF,PF_NE2022,PF_NE2022,141,5/21/2022,12,1.8866808,,,0,,,9.18,
PF,PF_NE2022,PF_NE2022,141,5/21/2022,13,1.9077372,,,0,,,10.26,
PF,PF_NE2022,PF_NE2022,141,5/21/2022,14,1.829448,,,0,,,11.34,
PF,PF_NE2022,PF_NE2022,141,5/21/2022,15,1.7603568,,,0,,,12.42,
PF,PF_NE2022,PF_NE2022,141,5/21/2022,16,1.48455,,,0,,,12.53,
PF,PF_NE2022,PF_NE2022,141,5/21/2022,17,1.0741608,,,0,,,12.63,
PF,PF_NE2022,PF_NE2022,141,5/21/2022,18,0.6724224,,,0,,,12.74,
PF,PF_NE2022,PF_NE2022,141,5/21/2022,19,0.3175776,,,0,,,11.67,
PF,PF_NE2022,PF_NE2022,141,5/21/2022,20,0,,,0,,,10.6,
PF,PF_NE2022,PF_NE2022,141,5/21/2022,21,0,,,0,,,9.53004,
PF,PF_NE2022,PF_NE2022,141,5/21/2022,22,0,,,0,,,9.3,
PF,PF_NE2022,PF_NE2022,141,5/21/2022,23,0,,,0,,,9.06,
PF,PF_NE2022,PF_NE2022,142,5/22/2022,0,0,,,0,,,8.83004,
PF,PF_NE2022,PF_NE2022,142,5/22/2022,1,0,,,0,,,7.71,
PF,PF_NE2022,PF_NE2022,142,5/22/2022,2,0,,,0,,,6.6,
PF,PF_NE2022,PF_NE2022,142,5/22/2022,3,0,,,0,,,5.48,
PF,PF_NE2022,PF_NE2022,142,5/22/2022,4,0,,,0,,,5.28,
PF,PF_NE2022,PF_NE2022,142,5/22/2022,5,0,,,0,,,5.09,
PF,PF_NE2022,PF_NE2022,142,5/22/2022,6,0.2420064,,,0,,,4.89,
PF,PF_NE2022,PF_NE2022,142,5/22/2022,7,0.6775488,,,0,,,7.3,
PF,PF_NE2022,PF_NE2022,142,5/22/2022,8,1.1034468,,,0,,,9.71,
PF,PF_NE2022,PF_NE2022,142,5/22/2022,9,1.6162524,,,0,,,12.12,
PF,PF_NE2022,PF_NE2022,142,5/22/2022,10,2.1121452,,,0,,,13.25,
PF,PF_NE2022,PF_NE2022,142,5/22/2022,11,2.4660612,,,0,,,14.37,
PF,PF_NE2022,PF_NE2022,142,5/22/2022,12,2.1126564,,,0,,,15.49,
PF,PF_NE2022,PF_NE2022,142,5/22/2022,13,2.136222,,,0,,,15.97,
PF,PF_NE2022,PF_NE2022,142,5/22/2022,14,2.0489364,,,0,,,16.44,
PF,PF_NE2022,PF_NE2022,142,5/22/2022,15,1.464318,,,0,,,16.92,
PF,PF_NE2022,PF_NE2022,142,5/22/2022,16,1.2357972,,,0,,,16.72,
PF,PF_NE2022,PF_NE2022,142,5/22/2022,17,0.8952048,,,0,,,16.52,
PF,PF_NE2022,PF_NE2022,142,5/22/2022,18,0.4420224,,,0,,,16.33,
PF,PF_NE2022,PF_NE2022,142,5/22/2022,19,0.2104992,,,0,,,15.17,
PF,PF_NE2022,PF_NE2022,142,5/22/2022,20,0,,,0,,,14.02,
PF,PF_NE2022,PF_NE2022,142,5/22/2022,21,0,,,0,,,12.86,
PF,PF_NE2022,PF_NE2022,142,5/22/2022,22,0,,,0,,,12.54,
PF,PF_NE2022,PF_NE2022,142,5/22/2022,23,0,,,0,,,12.21,
PF,PF_NE2022,PF_NE2022,143,5/23/2022,0,0,,,0,,,11.88,
PF,PF_NE2022,PF_NE2022,143,5/23/2022,1,0,,,0,,,11.21,
PF,PF_NE2022,PF_NE2022,143,5/23/2022,2,0,,,0,,,10.54,
PF,PF_NE2022,PF_NE2022,143,5/23/2022,3,0,,,0,,,9.86,
PF,PF_NE2022,PF_NE2022,143,5/23/2022,4,0,,,0,,,8.85,
PF,PF_NE2022,PF_NE2022,143,5/23/2022,5,0,,,0,,,7.83004,
PF,PF_NE2022,PF_NE2022,143,5/23/2022,6,0.1402848,,,0.3,,,6.82,
PF,PF_NE2022,PF_NE2022,143,5/23/2022,7,0.3874176,,,0,,,7.54004,
PF,PF_NE2022,PF_NE2022,143,5/23/2022,8,0.6290892,,,0,,,8.26,
PF,PF_NE2022,PF_NE2022,143,5/23/2022,9,0.5149548,,,0,,,8.99004,
PF,PF_NE2022,PF_NE2022,143,5/23/2022,10,0.6725592,,,0,,,8.54,
PF,PF_NE2022,PF_NE2022,143,5/23/2022,11,0.7850232,,,0.3,,,8.1,
PF,PF_NE2022,PF_NE2022,143,5/23/2022,12,0.7669368,,,0.8,,,7.65,
PF,PF_NE2022,PF_NE2022,143,5/23/2022,13,0.7755156,,,1.6,,,7.68,
PF,PF_NE2022,PF_NE2022,143,5/23/2022,14,0.7440228,,,0.5,,,7.72,
PF,PF_NE2022,PF_NE2022,143,5/23/2022,15,0.855126,,,0.3,,,7.75004,
PF,PF_NE2022,PF_NE2022,143,5/23/2022,16,0.722088,,,0,,,7.98,
PF,PF_NE2022,PF_NE2022,143,5/23/2022,17,0.5237316,,,0,,,8.21004,
PF,PF_NE2022,PF_NE2022,143,5/23/2022,18,0.3724416,,,0,,,8.44,
PF,PF_NE2022,PF_NE2022,143,5/23/2022,19,0.1787904,,,0,,,7.94,
PF,PF_NE2022,PF_NE2022,143,5/23/2022,20,0,,,0,,,7.44,
PF,PF_NE2022,PF_NE2022,143,5/23/2022,21,0,,,0,,,6.93,
PF,PF_NE2022,PF_NE2022,143,5/23/2022,22,0,,,0,,,6.9,
PF,PF_NE2022,PF_NE2022,143,5/23/2022,23,0,,,0,,,6.87,
PF,PF_NE2022,PF_NE2022,144,5/24/2022,0,0,,,0,,,6.85,
PF,PF_NE2022,PF_NE2022,144,5/24/2022,1,0,,,0,,,6.72,
PF,PF_NE2022,PF_NE2022,144,5/24/2022,2,0,,,0,,,6.6,
PF,PF_NE2022,PF_NE2022,144,5/24/2022,3,0,,,0,,,6.47,
PF,PF_NE2022,PF_NE2022,144,5/24/2022,4,0,,,0,,,6.51,
PF,PF_NE2022,PF_NE2022,144,5/24/2022,5,0,,,0,,,6.55,
PF,PF_NE2022,PF_NE2022,144,5/24/2022,6,0.1724544,,,0,,,6.58,
PF,PF_NE2022,PF_NE2022,144,5/24/2022,7,0.4701888,,,0,,,7.81,
PF,PF_NE2022,PF_NE2022,144,5/24/2022,8,0.7613892,,,0,,,9.04,
PF,PF_NE2022,PF_NE2022,144,5/24/2022,9,0.949608,,,0,,,10.27,
PF,PF_NE2022,PF_NE2022,144,5/24/2022,10,1.2395448,,,0,,,11.28,
PF,PF_NE2022,PF_NE2022,144,5/24/2022,11,1.4464692,,,0,,,12.3,
PF,PF_NE2022,PF_NE2022,144,5/24/2022,12,1.4913396,,,0,,,13.31,
PF,PF_NE2022,PF_NE2022,144,5/24/2022,13,1.5081408,,,0,,,13.71,
PF,PF_NE2022,PF_NE2022,144,5/24/2022,14,1.4469912,,,0,,,14.1,
PF,PF_NE2022,PF_NE2022,144,5/24/2022,15,0.9482472,,,0,,,14.5,
PF,PF_NE2022,PF_NE2022,144,5/24/2022,16,0.8012196,,,0,,,13.78,
PF,PF_NE2022,PF_NE2022,144,5/24/2022,17,0.5817636,,,0,,,13.06,
PF,PF_NE2022,PF_NE2022,144,5/24/2022,18,0.5055552,,,0,,,12.35,
PF,PF_NE2022,PF_NE2022,144,5/24/2022,19,0.2445408,,,0,,,11.4,
PF,PF_NE2022,PF_NE2022,144,5/24/2022,20,0,,,0,,,10.46,
PF,PF_NE2022,PF_NE2022,144,5/24/2022,21,0,,,0,,,9.52,
PF,PF_NE2022,PF_NE2022,144,5/24/2022,22,0,,,0.5,,,9.12,
PF,PF_NE2022,PF_NE2022,144,5/24/2022,23,0,,,0,,,8.72,
PF,PF_NE2022,PF_NE2022,145,5/25/2022,0,0,,,0,,,8.32,
PF,PF_NE2022,PF_NE2022,145,5/25/2022,1,0,,,0,,,8.28,
PF,PF_NE2022,PF_NE2022,145,5/25/2022,2,0,,,0,,,8.24,
PF,PF_NE2022,PF_NE2022,145,5/25/2022,3,0,,,0,,,8.19004,
PF,PF_NE2022,PF_NE2022,145,5/25/2022,4,0,,,0,,,8.26,
PF,PF_NE2022,PF_NE2022,145,5/25/2022,5,0,,,0,,,8.32,
PF,PF_NE2022,PF_NE2022,145,5/25/2022,6,0.2464128,,,0,,,8.38,
PF,PF_NE2022,PF_NE2022,145,5/25/2022,7,0.6639552,,,0,,,9.75,
PF,PF_NE2022,PF_NE2022,145,5/25/2022,8,1.0724184,,,0,,,11.12,
PF,PF_NE2022,PF_NE2022,145,5/25/2022,9,1.7245656,,,0,,,12.49,
PF,PF_NE2022,PF_NE2022,145,5/25/2022,10,2.2499532,,,0,,,13.82,
PF,PF_NE2022,PF_NE2022,145,5/25/2022,11,2.6249112,,,0,,,15.15,
PF,PF_NE2022,PF_NE2022,145,5/25/2022,12,2.7984816,,,0,,,16.48,
PF,PF_NE2022,PF_NE2022,145,5/25/2022,13,2.8301616,,,0,,,17.4,
PF,PF_NE2022,PF_NE2022,145,5/25/2022,14,2.7160848,,,0,,,18.33,
PF,PF_NE2022,PF_NE2022,145,5/25/2022,15,2.46411,,,0,,,19.25,
PF,PF_NE2022,PF_NE2022,145,5/25/2022,16,2.0834244,,,0,,,19.09,
PF,PF_NE2022,PF_NE2022,145,5/25/2022,17,1.5145344,,,0,,,18.93,
PF,PF_NE2022,PF_NE2022,145,5/25/2022,18,0.983232,,,0,,,18.77,
PF,PF_NE2022,PF_NE2022,145,5/25/2022,19,0.4791168,,,0,,,16.75,
PF,PF_NE2022,PF_NE2022,145,5/25/2022,20,0,,,0,,,14.74,
PF,PF_NE2022,PF_NE2022,145,5/25/2022,21,0,,,0,,,12.72,
PF,PF_NE2022,PF_NE2022,145,5/25/2022,22,0,,,0,,,11.99,
PF,PF_NE2022,PF_NE2022,145,5/25/2022,23,0,,,0,,,11.26,
PF,PF_NE2022,PF_NE2022,146,5/26/2022,0,0,,,0,,,10.52,
PF,PF_NE2022,PF_NE2022,146,5/26/2022,1,0,,,0,,,9.77,
PF,PF_NE2022,PF_NE2022,146,5/26/2022,2,0,,,0,,,9.02,
PF,PF_NE2022,PF_NE2022,146,5/26/2022,3,0,,,0,,,8.27,
PF,PF_NE2022,PF_NE2022,146,5/26/2022,4,0,,,0,,,8.38,
PF,PF_NE2022,PF_NE2022,146,5/26/2022,5,0,,,0,,,8.5,
PF,PF_NE2022,PF_NE2022,146,5/26/2022,6,0.289728,,,0,,,8.61,
PF,PF_NE2022,PF_NE2022,146,5/26/2022,7,0.7720704,,,0,,,11.11,
PF,PF_NE2022,PF_NE2022,146,5/26/2022,8,1.2439044,,,0,,,13.61,
PF,PF_NE2022,PF_NE2022,146,5/26/2022,9,1.7784396,,,0,,,16.12,
PF,PF_NE2022,PF_NE2022,146,5/26/2022,10,2.3191056,,,0,,,18.55,
PF,PF_NE2022,PF_NE2022,146,5/26/2022,11,2.7049644,,,0,,,20.99,
PF,PF_NE2022,PF_NE2022,146,5/26/2022,12,2.9291436,,,0,,,23.42,
PF,PF_NE2022,PF_NE2022,146,5/26/2022,13,2.96244,,,0,,,24.51,
PF,PF_NE2022,PF_NE2022,146,5/26/2022,14,2.8435824,,,0,,,25.6,
PF,PF_NE2022,PF_NE2022,146,5/26/2022,15,2.5094592,,,0,,,26.69,
PF,PF_NE2022,PF_NE2022,146,5/26/2022,16,2.1230424,,,0,,,26.64,
PF,PF_NE2022,PF_NE2022,146,5/26/2022,17,1.5451056,,,0,,,26.6,
PF,PF_NE2022,PF_NE2022,146,5/26/2022,18,0.9555264,,,0,,,26.55,
PF,PF_NE2022,PF_NE2022,146,5/26/2022,19,0.4689504,,,0,,,25.04,
PF,PF_NE2022,PF_NE2022,146,5/26/2022,20,0,,,0,,,23.53,
PF,PF_NE2022,PF_NE2022,146,5/26/2022,21,0,,,0,,,22.01,
PF,PF_NE2022,PF_NE2022,146,5/26/2022,22,0,,,0,,,20.47,
PF,PF_NE2022,PF_NE2022,146,5/26/2022,23,0,,,0,,,18.93,
PF,PF_NE2022,PF_NE2022,147,5/27/2022,0,0,,,0,,,17.39,
PF,PF_NE2022,PF_NE2022,147,5/27/2022,1,0,,,0,,,16.55,
PF,PF_NE2022,PF_NE2022,147,5/27/2022,2,0,,,0,,,15.7,
PF,PF_NE2022,PF_NE2022,147,5/27/2022,3,0,,,0,,,14.85,
PF,PF_NE2022,PF_NE2022,147,5/27/2022,4,0,,,0,,,15.01,
PF,PF_NE2022,PF_NE2022,147,5/27/2022,5,0,,,0,,,15.18,
PF,PF_NE2022,PF_NE2022,147,5/27/2022,6,0.2946816,,,0,,,15.34,
PF,PF_NE2022,PF_NE2022,147,5/27/2022,7,0.7771968,,,0,,,17.72,
PF,PF_NE2022,PF_NE2022,147,5/27/2022,8,1.2492792,,,0,,,20.1,
PF,PF_NE2022,PF_NE2022,147,5/27/2022,9,1.774818,,,0,,,22.47,
PF,PF_NE2022,PF_NE2022,147,5/27/2022,10,2.3133744,,,0,,,25.03,
PF,PF_NE2022,PF_NE2022,147,5/27/2022,11,2.6976996,,,0,,,27.58,
PF,PF_NE2022,PF_NE2022,147,5/27/2022,12,2.9048724,,,0,,,30.13,
PF,PF_NE2022,PF_NE2022,147,5/27/2022,13,2.9382084,,,0,,,31.46,
PF,PF_NE2022,PF_NE2022,147,5/27/2022,14,2.8207908,,,0,,,32.78,
PF,PF_NE2022,PF_NE2022,147,5/27/2022,15,2.4890112,,,0,,,34.1,
PF,PF_NE2022,PF_NE2022,147,5/27/2022,16,2.1070044,,,0,,,33.58,
PF,PF_NE2022,PF_NE2022,147,5/27/2022,17,1.5350796,,,0,,,33.07,
PF,PF_NE2022,PF_NE2022,147,5/27/2022,18,0.9602496,,,0,,,32.55,
PF,PF_NE2022,PF_NE2022,147,5/27/2022,19,0.47448,,,0,,,29.77,
PF,PF_NE2022,PF_NE2022,147,5/27/2022,20,0,,,0,,,26.99,
PF,PF_NE2022,PF_NE2022,147,5/27/2022,21,0,,,0,,,24.21,
PF,PF_NE2022,PF_NE2022,147,5/27/2022,22,0,,,0,,,22.88,
PF,PF_NE2022,PF_NE2022,147,5/27/2022,23,0,,,0,,,21.56,
PF,PF_NE2022,PF_NE2022,148,5/28/2022,0,0,,,0,,,20.23,
PF,PF_NE2022,PF_NE2022,148,5/28/2022,1,0,,,0,,,19.39,
PF,PF_NE2022,PF_NE2022,148,5/28/2022,2,0,,,0,,,18.54,
PF,PF_NE2022,PF_NE2022,148,5/28/2022,3,0,,,0,,,17.7,
PF,PF_NE2022,PF_NE2022,148,5/28/2022,4,0,,,0,,,17.7,
PF,PF_NE2022,PF_NE2022,148,5/28/2022,5,0,,,0,,,17.71,
PF,PF_NE2022,PF_NE2022,148,5/28/2022,6,0.2977344,,,0,,,17.71,
PF,PF_NE2022,PF_NE2022,148,5/28/2022,7,0.777888,,,0,,,19.98,
PF,PF_NE2022,PF_NE2022,148,5/28/2022,8,1.2477024,,,0,,,22.36,
PF,PF_NE2022,PF_NE2022,148,5/28/2022,9,1.7660232,,,0,,,24.74,
PF,PF_NE2022,PF_NE2022,148,5/28/2022,10,2.3010156,,,0,,,26.99,
PF,PF_NE2022,PF_NE2022,148,5/28/2022,11,2.6827632,,,0,,,29.24,
PF,PF_NE2022,PF_NE2022,148,5/28/2022,12,2.8230912,,,0,,,31.49,
PF,PF_NE2022,PF_NE2022,148,5/28/2022,13,2.8556604,,,0,,,32.18,
PF,PF_NE2022,PF_NE2022,148,5/28/2022,14,2.7421848,,,0,,,32.86,
PF,PF_NE2022,PF_NE2022,148,5/28/2022,15,2.3632848,,,0,,,33.55,
PF,PF_NE2022,PF_NE2022,148,5/28/2022,16,2.0017908,,,0,,,33.05,
PF,PF_NE2022,PF_NE2022,148,5/28/2022,17,1.4600016,,,0,,,32.54,
PF,PF_NE2022,PF_NE2022,148,5/28/2022,18,0.9351936,,,0,,,32.04,
PF,PF_NE2022,PF_NE2022,148,5/28/2022,19,0.4651488,,,0,,,29.35,
PF,PF_NE2022,PF_NE2022,148,5/28/2022,20,0.0101088,,,0,,,26.66,
PF,PF_NE2022,PF_NE2022,148,5/28/2022,21,0,,,0,,,23.96,
PF,PF_NE2022,PF_NE2022,148,5/28/2022,22,0,,,0,,,22.97,
PF,PF_NE2022,PF_NE2022,148,5/28/2022,23,0,,,0,,,21.97,
PF,PF_NE2022,PF_NE2022,149,5/29/2022,0,0,,,0,,,20.97,
PF,PF_NE2022,PF_NE2022,149,5/29/2022,1,0,,,0,,,20.41,
PF,PF_NE2022,PF_NE2022,149,5/29/2022,2,0,,,0,,,19.85,
PF,PF_NE2022,PF_NE2022,149,5/29/2022,3,0,,,0,,,19.29,
PF,PF_NE2022,PF_NE2022,149,5/29/2022,4,0,,,0,,,19.34,
PF,PF_NE2022,PF_NE2022,149,5/29/2022,5,0,,,0,,,19.39,
PF,PF_NE2022,PF_NE2022,149,5/29/2022,6,0.2639232,,,0,,,19.44,
PF,PF_NE2022,PF_NE2022,149,5/29/2022,7,0.683766,,,0,,,21.15,
PF,PF_NE2022,PF_NE2022,149,5/29/2022,8,1.0945116,,,0,,,22.9,
PF,PF_NE2022,PF_NE2022,149,5/29/2022,9,1.5027048,,,0,,,24.65,
PF,PF_NE2022,PF_NE2022,149,5/29/2022,10,1.95714,,,0,,,25.43,
PF,PF_NE2022,PF_NE2022,149,5/29/2022,11,2.2815072,,,0,,,26.2,
PF,PF_NE2022,PF_NE2022,149,5/29/2022,12,2.3101776,,,0,,,26.98,
PF,PF_NE2022,PF_NE2022,149,5/29/2022,13,2.3370516,,,0,,,27.19,
PF,PF_NE2022,PF_NE2022,149,5/29/2022,14,2.2446144,,,0,,,27.39,
PF,PF_NE2022,PF_NE2022,149,5/29/2022,15,1.7742456,,,0,,,27.6,
PF,PF_NE2022,PF_NE2022,149,5/29/2022,16,1.5037452,,,0,,,27.19,
PF,PF_NE2022,PF_NE2022,149,5/29/2022,17,1.097892,,,0,,,26.79,
PF,PF_NE2022,PF_NE2022,149,5/29/2022,18,0.7645248,,,0,,,26.39,
PF,PF_NE2022,PF_NE2022,149,5/29/2022,19,0.3826944,,,0,,,24.45,
PF,PF_NE2022,PF_NE2022,149,5/29/2022,20,0.013824,,,5.9,,,22.52,
PF,PF_NE2022,PF_NE2022,149,5/29/2022,21,0,,,0,,,20.59,
PF,PF_NE2022,PF_NE2022,149,5/29/2022,22,0,,,0,,,19.85,
PF,PF_NE2022,PF_NE2022,149,5/29/2022,23,0,,,0,,,19.12,
PF,PF_NE2022,PF_NE2022,150,5/30/2022,0,0,,,0,,,18.39,
PF,PF_NE2022,PF_NE2022,150,5/30/2022,1,0,,,0,,,18.19,
PF,PF_NE2022,PF_NE2022,150,5/30/2022,2,0,,,4.1,,,17.99,
PF,PF_NE2022,PF_NE2022,150,5/30/2022,3,0,,,0,,,17.8,
PF,PF_NE2022,PF_NE2022,150,5/30/2022,4,0,,,0,,,17.69,
PF,PF_NE2022,PF_NE2022,150,5/30/2022,5,0,,,0.8,,,17.59,
PF,PF_NE2022,PF_NE2022,150,5/30/2022,6,0.1661184,,,0,,,17.49,
PF,PF_NE2022,PF_NE2022,150,5/30/2022,7,0.4266288,,,0,,,17.62,
PF,PF_NE2022,PF_NE2022,150,5/30/2022,8,0.6816132,,,0.9,,,17.75,
PF,PF_NE2022,PF_NE2022,150,5/30/2022,9,1.3363884,,,1.7,,,17.88,
PF,PF_NE2022,PF_NE2022,150,5/30/2022,10,1.7398908,,,0,,,19.35,
PF,PF_NE2022,PF_NE2022,150,5/30/2022,11,2.0280024,,,0,,,20.82,
PF,PF_NE2022,PF_NE2022,150,5/30/2022,12,2.7892548,,,0,,,22.29,
PF,PF_NE2022,PF_NE2022,150,5/30/2022,13,2.8219608,,,0,,,22.88,
PF,PF_NE2022,PF_NE2022,150,5/30/2022,14,2.7108648,,,0,,,23.46,
PF,PF_NE2022,PF_NE2022,150,5/30/2022,15,2.2450824,,,0,,,24.05,
PF,PF_NE2022,PF_NE2022,150,5/30/2022,16,1.9038492,,,0,,,23.62,
PF,PF_NE2022,PF_NE2022,150,5/30/2022,17,1.3914252,,,0,,,23.19,
PF,PF_NE2022,PF_NE2022,150,5/30/2022,18,1.005696,,,0,,,22.76,
PF,PF_NE2022,PF_NE2022,150,5/30/2022,19,0.506448,,,0,,,20.35,
PF,PF_NE2022,PF_NE2022,150,5/30/2022,20,0.024192,,,0,,,17.94,
PF,PF_NE2022,PF_NE2022,150,5/30/2022,21,0,,,0,,,15.53,
PF,PF_NE2022,PF_NE2022,150,5/30/2022,22,0,,,0,,,14.6,
PF,PF_NE2022,PF_NE2022,150,5/30/2022,23,0,,,0,,,13.67,
PF,PF_NE2022,PF_NE2022,151,5/31/2022,0,0,,,0,,,12.74,
PF,PF_NE2022,PF_NE2022,151,5/31/2022,1,0,,,0,,,11.69,
PF,PF_NE2022,PF_NE2022,151,5/31/2022,2,0,,,0,,,10.65,
PF,PF_NE2022,PF_NE2022,151,5/31/2022,3,0,,,0,,,9.6,
PF,PF_NE2022,PF_NE2022,151,5/31/2022,4,0,,,0,,,9.46,
PF,PF_NE2022,PF_NE2022,151,5/31/2022,5,0,,,0,,,9.31,
PF,PF_NE2022,PF_NE2022,151,5/31/2022,6,0.3097728,,,0,,,9.17,
PF,PF_NE2022,PF_NE2022,151,5/31/2022,7,0.789552,,,0,,,11.03,
PF,PF_NE2022,PF_NE2022,151,5/31/2022,8,1.2592296,,,0,,,12.89,
PF,PF_NE2022,PF_NE2022,151,5/31/2022,9,1.700568,,,0,,,14.75,
PF,PF_NE2022,PF_NE2022,151,5/31/2022,10,2.213424,,,0,,,16.02,
PF,PF_NE2022,PF_NE2022,151,5/31/2022,11,2.579526,,,0,,,17.29,
PF,PF_NE2022,PF_NE2022,151,5/31/2022,12,2.794824,,,0,,,18.57,
PF,PF_NE2022,PF_NE2022,151,5/31/2022,13,2.8278828,,,0,,,19.28,
PF,PF_NE2022,PF_NE2022,151,5/31/2022,14,2.7170928,,,0,,,20,
PF,PF_NE2022,PF_NE2022,151,5/31/2022,15,2.5376364,,,0,,,20.72,
PF,PF_NE2022,PF_NE2022,151,5/31/2022,16,2.153214,,,0,,,20.3,
PF,PF_NE2022,PF_NE2022,151,5/31/2022,17,1.5752052,,,0,,,19.89,
PF,PF_NE2022,PF_NE2022,151,5/31/2022,18,1.008,,,0,,,19.47,
PF,PF_NE2022,PF_NE2022,151,5/31/2022,19,0.5139648,,,0,,,18.18,
PF,PF_NE2022,PF_NE2022,151,5/31/2022,20,0.0302112,,,0,,,16.9,
PF,PF_NE2022,PF_NE2022,151,5/31/2022,21,0,,,0,,,15.61,
PF,PF_NE2022,PF_NE2022,151,5/31/2022,22,0,,,0,,,15.18,
PF,PF_NE2022,PF_NE2022,151,5/31/2022,23,0,,,0,,,14.76,
PF,PF_NE2022,PF_NE2022,152,6/1/2022,0,0,,,0,,,14.33,
PF,PF_NE2022,PF_NE2022,152,6/1/2022,1,0,,,0,,,13.79,
PF,PF_NE2022,PF_NE2022,152,6/1/2022,2,0,,,0,,,13.24,
PF,PF_NE2022,PF_NE2022,152,6/1/2022,3,0,,,0,,,12.7,
PF,PF_NE2022,PF_NE2022,152,6/1/2022,4,0,,,0,,,11.97,
PF,PF_NE2022,PF_NE2022,152,6/1/2022,5,0,,,0,,,11.24,
PF,PF_NE2022,PF_NE2022,152,6/1/2022,6,0.2388096,,,0,,,10.51,
PF,PF_NE2022,PF_NE2022,152,6/1/2022,7,0.6044688,,,1.4,,,11.15,
PF,PF_NE2022,PF_NE2022,152,6/1/2022,8,0.9635832,,,0,,,11.78,
PF,PF_NE2022,PF_NE2022,152,6/1/2022,9,1.22949,,,0,,,12.41,
PF,PF_NE2022,PF_NE2022,152,6/1/2022,10,1.5373116,,,0,,,13.21,
PF,PF_NE2022,PF_NE2022,152,6/1/2022,11,1.7810676,,,0,,,14.01,
PF,PF_NE2022,PF_NE2022,152,6/1/2022,12,1.8764244,,,0,,,14.8,
PF,PF_NE2022,PF_NE2022,152,6/1/2022,13,1.9453932,,,0,,,15.85,
PF,PF_NE2022,PF_NE2022,152,6/1/2022,14,1.8830556,,,0,,,16.91,
PF,PF_NE2022,PF_NE2022,152,6/1/2022,15,2.9214972,,,0,,,17.96,
PF,PF_NE2022,PF_NE2022,152,6/1/2022,16,2.4554664,,,0,,,17.86,
PF,PF_NE2022,PF_NE2022,152,6/1/2022,17,1.807056,,,0,,,17.76,
PF,PF_NE2022,PF_NE2022,152,6/1/2022,18,1.14048,,,0,,,17.66,
PF,PF_NE2022,PF_NE2022,152,6/1/2022,19,0.5847552,,,0,,,16.34,
PF,PF_NE2022,PF_NE2022,152,6/1/2022,20,0.0405216,,,0,,,15.02,
PF,PF_NE2022,PF_NE2022,152,6/1/2022,21,0,,,0,,,13.71,
PF,PF_NE2022,PF_NE2022,152,6/1/2022,22,0,,,0,,,13.1,
PF,PF_NE2022,PF_NE2022,152,6/1/2022,23,0,,,0,,,12.49,
PF,PF_NE2022,PF_NE2022,153,6/2/2022,0,0,,,0,,,11.88,
PF,PF_NE2022,PF_NE2022,153,6/2/2022,1,0,,,0,,,11.28,
PF,PF_NE2022,PF_NE2022,153,6/2/2022,2,0,,,0,,,10.67,
PF,PF_NE2022,PF_NE2022,153,6/2/2022,3,0,,,0,,,10.06,
PF,PF_NE2022,PF_NE2022,153,6/2/2022,4,0,,,0,,,9.87,
PF,PF_NE2022,PF_NE2022,153,6/2/2022,5,0,,,0,,,9.68,
PF,PF_NE2022,PF_NE2022,153,6/2/2022,6,0.3607776,,,0,,,9.48,
PF,PF_NE2022,PF_NE2022,153,6/2/2022,7,0.907488,,,0,,,12.13,
PF,PF_NE2022,PF_NE2022,153,6/2/2022,8,1.4444244,,,0,,,14.79,
PF,PF_NE2022,PF_NE2022,153,6/2/2022,9,2.0053368,,,0,,,17.44,
PF,PF_NE2022,PF_NE2022,153,6/2/2022,10,2.5066224,,,0,,,18.82,
PF,PF_NE2022,PF_NE2022,153,6/2/2022,11,2.9040084,,,0,,,20.2,
PF,PF_NE2022,PF_NE2022,153,6/2/2022,12,3.134394,,,0,,,21.58,
PF,PF_NE2022,PF_NE2022,153,6/2/2022,13,3.2500332,,,0,,,22.23,
PF,PF_NE2022,PF_NE2022,153,6/2/2022,14,3.1465224,,,0,,,22.88,
PF,PF_NE2022,PF_NE2022,153,6/2/2022,15,2.6517024,,,0,,,23.53,
PF,PF_NE2022,PF_NE2022,153,6/2/2022,16,2.2299264,,,0,,,23.04,
PF,PF_NE2022,PF_NE2022,153,6/2/2022,17,1.6426656,,,0,,,22.54,
PF,PF_NE2022,PF_NE2022,153,6/2/2022,18,1.0920384,,,0,,,22.05,
PF,PF_NE2022,PF_NE2022,153,6/2/2022,19,0.5629248,,,0,,,20.4,
PF,PF_NE2022,PF_NE2022,153,6/2/2022,20,0.04464,,,0,,,18.76,
PF,PF_NE2022,PF_NE2022,153,6/2/2022,21,0,,,0,,,17.11,
PF,PF_NE2022,PF_NE2022,153,6/2/2022,22,0,,,0,,,16.26,
PF,PF_NE2022,PF_NE2022,153,6/2/2022,23,0,,,0,,,15.41,
PF,PF_NE2022,PF_NE2022,154,6/3/2022,0,0,,,0,,,14.56,
PF,PF_NE2022,PF_NE2022,154,6/3/2022,1,0,,,0,,,14.04,
PF,PF_NE2022,PF_NE2022,154,6/3/2022,2,0,,,0,,,13.52,
PF,PF_NE2022,PF_NE2022,154,6/3/2022,3,0,,,0,,,12.99,
PF,PF_NE2022,PF_NE2022,154,6/3/2022,4,0,,,0,,,12.83,
PF,PF_NE2022,PF_NE2022,154,6/3/2022,5,0,,,0,,,12.67,
PF,PF_NE2022,PF_NE2022,154,6/3/2022,6,0.3587904,,,0,,,12.51,
PF,PF_NE2022,PF_NE2022,154,6/3/2022,7,0.8972676,,,0,,,15.11,
PF,PF_NE2022,PF_NE2022,154,6/3/2022,8,1.4262336,,,0,,,17.71,
PF,PF_NE2022,PF_NE2022,154,6/3/2022,9,1.992114,,,0,,,20.31,
PF,PF_NE2022,PF_NE2022,154,6/3/2022,10,2.48958,,,0,,,21.69,
PF,PF_NE2022,PF_NE2022,154,6/3/2022,11,2.8839888,,,0,,,23.07,
PF,PF_NE2022,PF_NE2022,154,6/3/2022,12,3.109752,,,0,,,24.45,
PF,PF_NE2022,PF_NE2022,154,6/3/2022,13,3.2248152,,,0,,,25.18,
PF,PF_NE2022,PF_NE2022,154,6/3/2022,14,3.1226796,,,0,,,25.9,
PF,PF_NE2022,PF_NE2022,154,6/3/2022,15,2.8579788,,,0,,,26.63,
PF,PF_NE2022,PF_NE2022,154,6/3/2022,16,2.4047244,,,0,,,26.43,
PF,PF_NE2022,PF_NE2022,154,6/3/2022,17,1.7730108,,,0,,,26.23,
PF,PF_NE2022,PF_NE2022,154,6/3/2022,18,1.1249856,,,0,,,26.03,
PF,PF_NE2022,PF_NE2022,154,6/3/2022,19,0.5828544,,,0,,,24.15,
PF,PF_NE2022,PF_NE2022,154,6/3/2022,20,0.0517824,,,0,,,22.27,
PF,PF_NE2022,PF_NE2022,154,6/3/2022,21,0,,,0,,,20.38,
PF,PF_NE2022,PF_NE2022,154,6/3/2022,22,0,,,0,,,19.85,
PF,PF_NE2022,PF_NE2022,154,6/3/2022,23,0,,,0,,,19.31,
PF,PF_NE2022,PF_NE2022,155,6/4/2022,0,0,,,0,,,18.77,
PF,PF_NE2022,PF_NE2022,155,6/4/2022,1,0,,,0,,,17.68,
PF,PF_NE2022,PF_NE2022,155,6/4/2022,2,0,,,0,,,16.59,
PF,PF_NE2022,PF_NE2022,155,6/4/2022,3,0,,,0,,,15.49,
PF,PF_NE2022,PF_NE2022,155,6/4/2022,4,0,,,0,,,15.44,
PF,PF_NE2022,PF_NE2022,155,6/4/2022,5,0,,,0,,,15.39,
PF,PF_NE2022,PF_NE2022,155,6/4/2022,6,0.3463488,,,0,,,15.33,
PF,PF_NE2022,PF_NE2022,155,6/4/2022,7,0.8615556,,,0,,,16.9,
PF,PF_NE2022,PF_NE2022,155,6/4/2022,8,1.3678236,,,0,,,18.46,
PF,PF_NE2022,PF_NE2022,155,6/4/2022,9,1.969362,,,0,,,20.03,
PF,PF_NE2022,PF_NE2022,155,6/4/2022,10,2.4606864,,,0,,,22.36,
PF,PF_NE2022,PF_NE2022,155,6/4/2022,11,2.8503252,,,0,,,24.69,
PF,PF_NE2022,PF_NE2022,155,6/4/2022,12,3.108924,,,0,,,27.02,
PF,PF_NE2022,PF_NE2022,155,6/4/2022,13,3.2243256,,,0,,,28.1,
PF,PF_NE2022,PF_NE2022,155,6/4/2022,14,3.1228848,,,0,,,29.17,
PF,PF_NE2022,PF_NE2022,155,6/4/2022,15,2.7375048,,,0,,,30.25,
PF,PF_NE2022,PF_NE2022,155,6/4/2022,16,2.3045364,,,0,,,29.91,
PF,PF_NE2022,PF_NE2022,155,6/4/2022,17,1.7006832,,,0,,,29.56,
PF,PF_NE2022,PF_NE2022,155,6/4/2022,18,0.8851968,,,0,,,29.22,
PF,PF_NE2022,PF_NE2022,155,6/4/2022,19,0.4608864,,,0,,,27.11,
PF,PF_NE2022,PF_NE2022,155,6/4/2022,20,0.0451296,,,0,,,24.99,
PF,PF_NE2022,PF_NE2022,155,6/4/2022,21,0,,,0,,,22.88,
PF,PF_NE2022,PF_NE2022,155,6/4/2022,22,0,,,0,,,21.93,
PF,PF_NE2022,PF_NE2022,155,6/4/2022,23,0,,,0,,,20.98,
PF,PF_NE2022,PF_NE2022,156,6/5/2022,0,0,,,0,,,20.03,
PF,PF_NE2022,PF_NE2022,156,6/5/2022,1,0,,,0,,,19.34,
PF,PF_NE2022,PF_NE2022,156,6/5/2022,2,0,,,0,,,18.65,
PF,PF_NE2022,PF_NE2022,156,6/5/2022,3,0,,,0,,,17.96,
PF,PF_NE2022,PF_NE2022,156,6/5/2022,4,0,,,0,,,18.03,
PF,PF_NE2022,PF_NE2022,156,6/5/2022,5,0,,,0,,,18.1,
PF,PF_NE2022,PF_NE2022,156,6/5/2022,6,0.3196224,,,0,,,18.17,
PF,PF_NE2022,PF_NE2022,156,6/5/2022,7,0.7913016,,,0,,,19.96,
PF,PF_NE2022,PF_NE2022,156,6/5/2022,8,1.2548304,,,0,,,21.75,
PF,PF_NE2022,PF_NE2022,156,6/5/2022,9,1.5524244,,,0,,,23.54,
PF,PF_NE2022,PF_NE2022,156,6/5/2022,10,1.9394928,,,0,,,25.29,
PF,PF_NE2022,PF_NE2022,156,6/5/2022,11,2.2464684,,,0,,,27.05,
PF,PF_NE2022,PF_NE2022,156,6/5/2022,12,2.4685344,,,0,,,28.81,
PF,PF_NE2022,PF_NE2022,156,6/5/2022,13,2.5605288,,,0,,,29.17,
PF,PF_NE2022,PF_NE2022,156,6/5/2022,14,2.4805332,,,0,,,29.53,
PF,PF_NE2022,PF_NE2022,156,6/5/2022,15,2.1266244,,,0,,,29.89,
PF,PF_NE2022,PF_NE2022,156,6/5/2022,16,1.7911476,,,0,,,29.34,
PF,PF_NE2022,PF_NE2022,156,6/5/2022,17,1.3229568,,,0,,,28.79,
PF,PF_NE2022,PF_NE2022,156,6/5/2022,18,0.8375616,,,0,,,28.24,
PF,PF_NE2022,PF_NE2022,156,6/5/2022,19,0.4381056,,,0,,,26.36,
PF,PF_NE2022,PF_NE2022,156,6/5/2022,20,0.046656,,,0,,,24.48,
PF,PF_NE2022,PF_NE2022,156,6/5/2022,21,0,,,0,,,22.61,
PF,PF_NE2022,PF_NE2022,156,6/5/2022,22,0,,,0,,,21.71,
PF,PF_NE2022,PF_NE2022,156,6/5/2022,23,0,,,0,,,20.81,
PF,PF_NE2022,PF_NE2022,157,6/6/2022,0,0,,,0,,,19.91,
PF,PF_NE2022,PF_NE2022,157,6/6/2022,1,0,,,0,,,19.94,
PF,PF_NE2022,PF_NE2022,157,6/6/2022,2,0,,,0,,,19.97,
PF,PF_NE2022,PF_NE2022,157,6/6/2022,3,0,,,0,,,20,
PF,PF_NE2022,PF_NE2022,157,6/6/2022,4,0,,,0,,,19.65,
PF,PF_NE2022,PF_NE2022,157,6/6/2022,5,0,,,0,,,19.3,
PF,PF_NE2022,PF_NE2022,157,6/6/2022,6,0.3693888,,,0,,,18.95,
PF,PF_NE2022,PF_NE2022,157,6/6/2022,7,0.9107208,,,0,,,20.32,
PF,PF_NE2022,PF_NE2022,157,6/6/2022,8,1.4429124,,,0,,,21.68,
PF,PF_NE2022,PF_NE2022,157,6/6/2022,9,1.9352772,,,0,,,23.05,
PF,PF_NE2022,PF_NE2022,157,6/6/2022,10,2.4173352,,,0,,,24.62,
PF,PF_NE2022,PF_NE2022,157,6/6/2022,11,2.800044,,,0,,,26.18,
PF,PF_NE2022,PF_NE2022,157,6/6/2022,12,2.971782,,,0,,,27.75,
PF,PF_NE2022,PF_NE2022,157,6/6/2022,13,3.0829824,,,0,,,28.39,
PF,PF_NE2022,PF_NE2022,157,6/6/2022,14,2.9873232,,,0,,,29.02,
PF,PF_NE2022,PF_NE2022,157,6/6/2022,15,2.6995212,,,0,,,29.66,
PF,PF_NE2022,PF_NE2022,157,6/6/2022,16,2.274876,,,0,,,29.28,
PF,PF_NE2022,PF_NE2022,157,6/6/2022,17,1.6816572,,,0,,,28.9,
PF,PF_NE2022,PF_NE2022,157,6/6/2022,18,1.1559744,,,0,,,28.52,
PF,PF_NE2022,PF_NE2022,157,6/6/2022,19,0.607392,,,0,,,26.46,
PF,PF_NE2022,PF_NE2022,157,6/6/2022,20,0.0696096,,,0,,,24.39,
PF,PF_NE2022,PF_NE2022,157,6/6/2022,21,0,,,0,,,22.32,
PF,PF_NE2022,PF_NE2022,157,6/6/2022,22,0,,,0,,,21.09,
PF,PF_NE2022,PF_NE2022,157,6/6/2022,23,0,,,0,,,19.85,
PF,PF_NE2022,PF_NE2022,158,6/7/2022,0,0,,,0,,,18.62,
PF,PF_NE2022,PF_NE2022,158,6/7/2022,1,0,,,0,,,17.64,
PF,PF_NE2022,PF_NE2022,158,6/7/2022,2,0,,,0,,,16.65,
PF,PF_NE2022,PF_NE2022,158,6/7/2022,3,0,,,0,,,15.67,
PF,PF_NE2022,PF_NE2022,158,6/7/2022,4,0,,,0,,,15.43,
PF,PF_NE2022,PF_NE2022,158,6/7/2022,5,0,,,0,,,15.18,
PF,PF_NE2022,PF_NE2022,158,6/7/2022,6,0.343008,,,0,,,14.93,
PF,PF_NE2022,PF_NE2022,158,6/7/2022,7,0.8426268,,,0,,,16.85,
PF,PF_NE2022,PF_NE2022,158,6/7/2022,8,1.3337748,,,0,,,18.76,
PF,PF_NE2022,PF_NE2022,158,6/7/2022,9,1.9899036,,,0,,,20.68,
PF,PF_NE2022,PF_NE2022,158,6/7/2022,10,2.4852636,,,0,,,22.66,
PF,PF_NE2022,PF_NE2022,158,6/7/2022,11,2.8786932,,,0,,,24.65,
PF,PF_NE2022,PF_NE2022,158,6/7/2022,12,3.0873096,,,0,,,26.64,
PF,PF_NE2022,PF_NE2022,158,6/7/2022,13,3.2031612,,,0,,,27.27,
PF,PF_NE2022,PF_NE2022,158,6/7/2022,14,3.1044384,,,0,,,27.9,
PF,PF_NE2022,PF_NE2022,158,6/7/2022,15,2.8598472,,,0,,,28.53,
PF,PF_NE2022,PF_NE2022,158,6/7/2022,16,2.4111324,,,0,,,28.3,
PF,PF_NE2022,PF_NE2022,158,6/7/2022,17,1.7838288,,,0,,,28.07,
PF,PF_NE2022,PF_NE2022,158,6/7/2022,18,0.6435072,,,0,,,27.85,
PF,PF_NE2022,PF_NE2022,158,6/7/2022,19,0.3395232,,,8.6,,,26.01,
PF,PF_NE2022,PF_NE2022,158,6/7/2022,20,0.0415296,,,0,,,24.17,
PF,PF_NE2022,PF_NE2022,158,6/7/2022,21,0,,,0,,,22.33,
PF,PF_NE2022,PF_NE2022,158,6/7/2022,22,0,,,0,,,20.58,
PF,PF_NE2022,PF_NE2022,158,6/7/2022,23,0,,,0,,,18.82,
PF,PF_NE2022,PF_NE2022,159,6/8/2022,0,0,,,0,,,17.07,
PF,PF_NE2022,PF_NE2022,159,6/8/2022,1,0,,,0,,,16.64,
PF,PF_NE2022,PF_NE2022,159,6/8/2022,2,0,,,0,,,16.21,
PF,PF_NE2022,PF_NE2022,159,6/8/2022,3,0,,,0,,,15.78,
PF,PF_NE2022,PF_NE2022,159,6/8/2022,4,0,,,0,,,15.42,
PF,PF_NE2022,PF_NE2022,159,6/8/2022,5,0,,,0,,,15.07,
PF,PF_NE2022,PF_NE2022,159,6/8/2022,6,0.379872,,,0,,,14.71,
PF,PF_NE2022,PF_NE2022,159,6/8/2022,7,0.9300636,,,0,,,16.12,
PF,PF_NE2022,PF_NE2022,159,6/8/2022,8,1.4711472,,,0,,,17.53,
PF,PF_NE2022,PF_NE2022,159,6/8/2022,9,2.0384424,,,0,,,18.94,
PF,PF_NE2022,PF_NE2022,159,6/8/2022,10,2.5457148,,,0,,,20.21,
PF,PF_NE2022,PF_NE2022,159,6/8/2022,11,2.9487708,,,0,,,21.49,
PF,PF_NE2022,PF_NE2022,159,6/8/2022,12,3.1796892,,,0,,,22.76,
PF,PF_NE2022,PF_NE2022,159,6/8/2022,13,3.299508,,,0,,,23.42,
PF,PF_NE2022,PF_NE2022,159,6/8/2022,14,3.1984812,,,0,,,24.07,
PF,PF_NE2022,PF_NE2022,159,6/8/2022,15,2.9458836,,,0,,,24.73,
PF,PF_NE2022,PF_NE2022,159,6/8/2022,16,2.4848712,,,0,,,24.46,
PF,PF_NE2022,PF_NE2022,159,6/8/2022,17,1.8398232,,,0,,,24.2,
PF,PF_NE2022,PF_NE2022,159,6/8/2022,18,1.1779776,,,0,,,23.94,
PF,PF_NE2022,PF_NE2022,159,6/8/2022,19,0.6240672,,,0,,,22.09,
PF,PF_NE2022,PF_NE2022,159,6/8/2022,20,0.0808704,,,0,,,20.25,
PF,PF_NE2022,PF_NE2022,159,6/8/2022,21,0,,,0,,,18.4,
PF,PF_NE2022,PF_NE2022,159,6/8/2022,22,0,,,0,,,17.63,
PF,PF_NE2022,PF_NE2022,159,6/8/2022,23,0,,,0,,,16.85,
PF,PF_NE2022,PF_NE2022,160,6/9/2022,0,0,,,0,,,16.08,
PF,PF_NE2022,PF_NE2022,160,6/9/2022,1,0,,,0,,,15.53,
PF,PF_NE2022,PF_NE2022,160,6/9/2022,2,0,,,0,,,14.98,
PF,PF_NE2022,PF_NE2022,160,6/9/2022,3,0,,,0,,,14.43,
PF,PF_NE2022,PF_NE2022,160,6/9/2022,4,0,,,0,,,14.72,
PF,PF_NE2022,PF_NE2022,160,6/9/2022,5,0,,,0,,,15.01,
PF,PF_NE2022,PF_NE2022,160,6/9/2022,6,0.3132288,,,0,,,15.3,
PF,PF_NE2022,PF_NE2022,160,6/9/2022,7,0.764766,,,0,,,17.42,
PF,PF_NE2022,PF_NE2022,160,6/9/2022,8,1.2088872,,,0,,,19.54,
PF,PF_NE2022,PF_NE2022,160,6/9/2022,9,1.6474032,,,0,,,21.65,
PF,PF_NE2022,PF_NE2022,160,6/9/2022,10,2.0572848,,,0,,,22.99,
PF,PF_NE2022,PF_NE2022,160,6/9/2022,11,2.383092,,,0.3,,,24.33,
PF,PF_NE2022,PF_NE2022,160,6/9/2022,12,2.4475788,,,0,,,25.67,
PF,PF_NE2022,PF_NE2022,160,6/9/2022,13,2.5401528,,,0,,,26.67,
PF,PF_NE2022,PF_NE2022,160,6/9/2022,14,2.4628824,,,0,,,27.68,
PF,PF_NE2022,PF_NE2022,160,6/9/2022,15,2.745918,,,0,,,28.69,
PF,PF_NE2022,PF_NE2022,160,6/9/2022,16,2.31723,,,0,,,28.93,
PF,PF_NE2022,PF_NE2022,160,6/9/2022,17,1.7170272,,,0,,,29.17,
PF,PF_NE2022,PF_NE2022,160,6/9/2022,18,0.7819776,,,4.7,,,29.4,
PF,PF_NE2022,PF_NE2022,160,6/9/2022,19,0.415872,,,15.1,,,27.2,
PF,PF_NE2022,PF_NE2022,160,6/9/2022,20,0.056736,,,0,,,25,
PF,PF_NE2022,PF_NE2022,160,6/9/2022,21,0,,,0,,,22.79,
PF,PF_NE2022,PF_NE2022,160,6/9/2022,22,0,,,0,,,21.46,
PF,PF_NE2022,PF_NE2022,160,6/9/2022,23,0,,,0,,,20.12,
PF,PF_NE2022,PF_NE2022,161,6/10/2022,0,0,,,0,,,18.78,
PF,PF_NE2022,PF_NE2022,161,6/10/2022,1,0,,,0,,,18.53,
PF,PF_NE2022,PF_NE2022,161,6/10/2022,2,0,,,0,,,18.27,
PF,PF_NE2022,PF_NE2022,161,6/10/2022,3,0,,,0,,,18.02,
PF,PF_NE2022,PF_NE2022,161,6/10/2022,4,0,,,0,,,17.63,
PF,PF_NE2022,PF_NE2022,161,6/10/2022,5,0,,,0,,,17.24,
PF,PF_NE2022,PF_NE2022,161,6/10/2022,6,0.3696768,,,0,,,16.85,
PF,PF_NE2022,PF_NE2022,161,6/10/2022,7,0.8998416,,,0,,,19.03,
PF,PF_NE2022,PF_NE2022,161,6/10/2022,8,1.4217588,,,0,,,21.18,
PF,PF_NE2022,PF_NE2022,161,6/10/2022,9,1.9391508,,,0,,,23.33,
PF,PF_NE2022,PF_NE2022,161,6/10/2022,10,2.4216264,,,0,,,25.04,
PF,PF_NE2022,PF_NE2022,161,6/10/2022,11,2.805156,,,0,,,26.74,
PF,PF_NE2022,PF_NE2022,161,6/10/2022,12,3.064284,,,0,,,28.45,
PF,PF_NE2022,PF_NE2022,161,6/10/2022,13,3.1806576,,,0,,,29.32,
PF,PF_NE2022,PF_NE2022,161,6/10/2022,14,3.0846348,,,0,,,30.19,
PF,PF_NE2022,PF_NE2022,161,6/10/2022,15,2.8239984,,,0,,,31.06,
PF,PF_NE2022,PF_NE2022,161,6/10/2022,16,2.3842332,,,0,,,31.16,
PF,PF_NE2022,PF_NE2022,161,6/10/2022,17,1.7679672,,,0,,,31.26,
PF,PF_NE2022,PF_NE2022,161,6/10/2022,18,1.142208,,,0,,,31.35,
PF,PF_NE2022,PF_NE2022,161,6/10/2022,19,0.6096096,,,0,,,29.04,
PF,PF_NE2022,PF_NE2022,161,6/10/2022,20,0.0870912,,,0,,,26.72,
PF,PF_NE2022,PF_NE2022,161,6/10/2022,21,0,,,0,,,24.41,
PF,PF_NE2022,PF_NE2022,161,6/10/2022,22,0,,,0,,,23.46,
PF,PF_NE2022,PF_NE2022,161,6/10/2022,23,0,,,0,,,22.51,
PF,PF_NE2022,PF_NE2022,162,6/11/2022,0,0,,,0,,,21.55,
PF,PF_NE2022,PF_NE2022,162,6/11/2022,1,0,,,0,,,20.85,
PF,PF_NE2022,PF_NE2022,162,6/11/2022,2,0,,,0,,,20.15,
PF,PF_NE2022,PF_NE2022,162,6/11/2022,3,0,,,0,,,19.45,
PF,PF_NE2022,PF_NE2022,162,6/11/2022,4,0,,,0,,,19.19,
PF,PF_NE2022,PF_NE2022,162,6/11/2022,5,0,,,0,,,18.93,
PF,PF_NE2022,PF_NE2022,162,6/11/2022,6,0.3746304,,,0,,,18.67,
PF,PF_NE2022,PF_NE2022,162,6/11/2022,7,0.9125172,,,0,,,21.74,
PF,PF_NE2022,PF_NE2022,162,6/11/2022,8,1.44117,,,0,,,24.78,
PF,PF_NE2022,PF_NE2022,162,6/11/2022,9,1.9630152,,,0,,,27.81,
PF,PF_NE2022,PF_NE2022,162,6/11/2022,10,2.451402,,,0,,,29.91,
PF,PF_NE2022,PF_NE2022,162,6/11/2022,11,2.8398852,,,0,,,32,
PF,PF_NE2022,PF_NE2022,162,6/11/2022,12,2.9843568,,,0,,,34.09,
PF,PF_NE2022,PF_NE2022,162,6/11/2022,13,3.0981888,,,0,,,34.41,
PF,PF_NE2022,PF_NE2022,162,6/11/2022,14,3.0052584,,,0,,,34.73,
PF,PF_NE2022,PF_NE2022,162,6/11/2022,15,2.7206316,,,0,,,35.06,
PF,PF_NE2022,PF_NE2022,162,6/11/2022,16,2.2979592,,,0,,,34.54,
PF,PF_NE2022,PF_NE2022,162,6/11/2022,17,1.705176,,,0,,,34.02,
PF,PF_NE2022,PF_NE2022,162,6/11/2022,18,1.1890944,,,0,,,33.5,
PF,PF_NE2022,PF_NE2022,162,6/11/2022,19,0.6368256,,,0,,,30.62,
PF,PF_NE2022,PF_NE2022,162,6/11/2022,20,0.0948384,,,0,,,27.74,
PF,PF_NE2022,PF_NE2022,162,6/11/2022,21,0,,,0,,,24.86,
PF,PF_NE2022,PF_NE2022,162,6/11/2022,22,0,,,0,,,23.92,
PF,PF_NE2022,PF_NE2022,162,6/11/2022,23,0,,,0,,,22.98,
PF,PF_NE2022,PF_NE2022,163,6/12/2022,0,0,,,0,,,22.03,
PF,PF_NE2022,PF_NE2022,163,6/12/2022,1,0,,,0,,,21.43,
PF,PF_NE2022,PF_NE2022,163,6/12/2022,2,0,,,0,,,20.83,
PF,PF_NE2022,PF_NE2022,163,6/12/2022,3,0,,,0,,,20.23,
PF,PF_NE2022,PF_NE2022,163,6/12/2022,4,0,,,0,,,20.31,
PF,PF_NE2022,PF_NE2022,163,6/12/2022,5,0,,,0,,,20.38,
PF,PF_NE2022,PF_NE2022,163,6/12/2022,6,0.365328,,,0,,,20.46,
PF,PF_NE2022,PF_NE2022,163,6/12/2022,7,0.8869752,,,0,,,22.16,
PF,PF_NE2022,PF_NE2022,163,6/12/2022,8,1.4004648,,,0,,,23.85,
PF,PF_NE2022,PF_NE2022,163,6/12/2022,9,1.80576,,,0,,,25.55,
PF,PF_NE2022,PF_NE2022,163,6/12/2022,10,2.255058,,,0,,,27.7,
PF,PF_NE2022,PF_NE2022,163,6/12/2022,11,2.6126568,,,0,,,29.84,
PF,PF_NE2022,PF_NE2022,163,6/12/2022,12,2.4041484,,,0,,,31.99,
PF,PF_NE2022,PF_NE2022,163,6/12/2022,13,2.4963228,,,0,,,33.13,
PF,PF_NE2022,PF_NE2022,163,6/12/2022,14,2.4219792,,,0,,,34.27,
PF,PF_NE2022,PF_NE2022,163,6/12/2022,15,2.2743936,,,0,,,35.41,
PF,PF_NE2022,PF_NE2022,163,6/12/2022,16,1.92186,,,0,,,35.31,
PF,PF_NE2022,PF_NE2022,163,6/12/2022,17,1.4270868,,,0,,,35.22,
PF,PF_NE2022,PF_NE2022,163,6/12/2022,18,1.1438208,,,0,,,35.12,
PF,PF_NE2022,PF_NE2022,163,6/12/2022,19,0.6145632,,,0,,,32.82,
PF,PF_NE2022,PF_NE2022,163,6/12/2022,20,0.0950112,,,0,,,30.52,
PF,PF_NE2022,PF_NE2022,163,6/12/2022,21,0,,,0,,,28.23,
PF,PF_NE2022,PF_NE2022,163,6/12/2022,22,0,,,0,,,27.5,
PF,PF_NE2022,PF_NE2022,163,6/12/2022,23,0,,,0,,,26.78,
PF,PF_NE2022,PF_NE2022,164,6/13/2022,0,0,,,0,,,26.06,
PF,PF_NE2022,PF_NE2022,164,6/13/2022,1,0,,,0,,,25.01,
PF,PF_NE2022,PF_NE2022,164,6/13/2022,2,0,,,0,,,23.96,
PF,PF_NE2022,PF_NE2022,164,6/13/2022,3,0,,,0,,,22.92,
PF,PF_NE2022,PF_NE2022,164,6/13/2022,4,0,,,0,,,22.53,
PF,PF_NE2022,PF_NE2022,164,6/13/2022,5,0,,,0,,,22.15,
PF,PF_NE2022,PF_NE2022,164,6/13/2022,6,0.3730176,,,0,,,21.76,
PF,PF_NE2022,PF_NE2022,164,6/13/2022,7,0.9048276,,,0,,,24.88,
PF,PF_NE2022,PF_NE2022,164,6/13/2022,8,1.42839,,,0,,,28,
PF,PF_NE2022,PF_NE2022,164,6/13/2022,9,1.9780308,,,0,,,31.12,
PF,PF_NE2022,PF_NE2022,164,6/13/2022,10,2.4702948,,,0,,,34.03,
PF,PF_NE2022,PF_NE2022,164,6/13/2022,11,2.8622808,,,0,,,36.93,
PF,PF_NE2022,PF_NE2022,164,6/13/2022,12,3.1614588,,,0,,,39.84,
PF,PF_NE2022,PF_NE2022,164,6/13/2022,13,3.2831604,,,0,,,40.2,
PF,PF_NE2022,PF_NE2022,164,6/13/2022,14,3.1860144,,,0,,,40.56,
PF,PF_NE2022,PF_NE2022,164,6/13/2022,15,2.9538864,,,0,,,40.92,
PF,PF_NE2022,PF_NE2022,164,6/13/2022,16,2.4970176,,,0,,,40.55,
PF,PF_NE2022,PF_NE2022,164,6/13/2022,17,1.8553356,,,0,,,40.18,
PF,PF_NE2022,PF_NE2022,164,6/13/2022,18,1.196064,,,0,,,39.81,
PF,PF_NE2022,PF_NE2022,164,6/13/2022,19,0.644544,,,0,,,36.61,
PF,PF_NE2022,PF_NE2022,164,6/13/2022,20,0.1030752,,,0,,,33.42,
PF,PF_NE2022,PF_NE2022,164,6/13/2022,21,0,,,0,,,30.22,
PF,PF_NE2022,PF_NE2022,164,6/13/2022,22,0,,,0,,,29.75,
PF,PF_NE2022,PF_NE2022,164,6/13/2022,23,0,,,0,,,29.27,
PF,PF_NE2022,PF_NE2022,165,6/14/2022,0,0,,,0,,,28.8,
PF,PF_NE2022,PF_NE2022,165,6/14/2022,1,0,,,0,,,26.91,
PF,PF_NE2022,PF_NE2022,165,6/14/2022,2,0,,,0,,,25.02,
PF,PF_NE2022,PF_NE2022,165,6/14/2022,3,0,,,0,,,23.13,
PF,PF_NE2022,PF_NE2022,165,6/14/2022,4,0,,,0,,,22.88,
PF,PF_NE2022,PF_NE2022,165,6/14/2022,5,0,,,0,,,22.63,
PF,PF_NE2022,PF_NE2022,165,6/14/2022,6,0.3700512,,,0,,,22.37,
PF,PF_NE2022,PF_NE2022,165,6/14/2022,7,0.8971416,,,0,,,23.18,
PF,PF_NE2022,PF_NE2022,165,6/14/2022,8,1.4161536,,,0,,,23.98,
PF,PF_NE2022,PF_NE2022,165,6/14/2022,9,1.98837,,,0,,,24.78,
PF,PF_NE2022,PF_NE2022,165,6/14/2022,10,2.4834888,,,0,,,26.03,
PF,PF_NE2022,PF_NE2022,165,6/14/2022,11,2.8778724,,,0,,,27.27,
PF,PF_NE2022,PF_NE2022,165,6/14/2022,12,3.1407552,,,0,,,28.52,
PF,PF_NE2022,PF_NE2022,165,6/14/2022,13,3.2621292,,,0,,,28.93,
PF,PF_NE2022,PF_NE2022,165,6/14/2022,14,3.1663044,,,0,,,29.34,
PF,PF_NE2022,PF_NE2022,165,6/14/2022,15,2.9321064,,,0,,,29.75,
PF,PF_NE2022,PF_NE2022,165,6/14/2022,16,2.4795936,,,0,,,29.52,
PF,PF_NE2022,PF_NE2022,165,6/14/2022,17,1.843506,,,0,,,29.28,
PF,PF_NE2022,PF_NE2022,165,6/14/2022,18,1.1915136,,,0,,,29.04,
PF,PF_NE2022,PF_NE2022,165,6/14/2022,19,0.6439392,,,0,,,26.32,
PF,PF_NE2022,PF_NE2022,165,6/14/2022,20,0.106128,,,0,,,23.6,
PF,PF_NE2022,PF_NE2022,165,6/14/2022,21,0,,,0,,,20.87,
PF,PF_NE2022,PF_NE2022,165,6/14/2022,22,0,,,0,,,19.4,
PF,PF_NE2022,PF_NE2022,165,6/14/2022,23,0,,,0,,,17.94,
PF,PF_NE2022,PF_NE2022,166,6/15/2022,0,0,,,0,,,16.47,
PF,PF_NE2022,PF_NE2022,166,6/15/2022,1,0,,,0.4,,,13.36,
PF,PF_NE2022,PF_NE2022,166,6/15/2022,2,0,,,3.2,,,10.25,
PF,PF_NE2022,PF_NE2022,166,6/15/2022,3,0,,,0.3,,,7.14,
PF,PF_NE2022,PF_NE2022,166,6/15/2022,4,0,,,0,,,7.72,
PF,PF_NE2022,PF_NE2022,166,6/15/2022,5,0,,,0,,,8.3,
PF,PF_NE2022,PF_NE2022,166,6/15/2022,6,0.2738304,,,0,,,8.88,
PF,PF_NE2022,PF_NE2022,166,6/15/2022,7,0.6637464,,,0,,,11.51,
PF,PF_NE2022,PF_NE2022,166,6/15/2022,8,1.0478592,,,0,,,14.15,
PF,PF_NE2022,PF_NE2022,166,6/15/2022,9,2.0382516,,,0,,,16.78,
PF,PF_NE2022,PF_NE2022,166,6/15/2022,10,2.5461072,,,0,,,19.82,
PF,PF_NE2022,PF_NE2022,166,6/15/2022,11,2.9508372,,,0,,,22.86,
PF,PF_NE2022,PF_NE2022,166,6/15/2022,12,3.2047884,,,0,,,25.89,
PF,PF_NE2022,PF_NE2022,166,6/15/2022,13,3.3292188,,,0,,,27.49,
PF,PF_NE2022,PF_NE2022,166,6/15/2022,14,3.2320116,,,0,,,29.08,
PF,PF_NE2022,PF_NE2022,166,6/15/2022,15,2.9866428,,,0,,,30.67,
PF,PF_NE2022,PF_NE2022,166,6/15/2022,16,2.5266888,,,0,,,30.72,
PF,PF_NE2022,PF_NE2022,166,6/15/2022,17,1.8796212,,,0,,,30.77,
PF,PF_NE2022,PF_NE2022,166,6/15/2022,18,1.2325248,,,0,,,30.83,
PF,PF_NE2022,PF_NE2022,166,6/15/2022,19,0.6678432,,,0,,,28.15,
PF,PF_NE2022,PF_NE2022,166,6/15/2022,20,0.1131264,,,0,,,25.48,
PF,PF_NE2022,PF_NE2022,166,6/15/2022,21,0,,,0,,,22.8,
PF,PF_NE2022,PF_NE2022,166,6/15/2022,22,0,,,0,,,21.62,
PF,PF_NE2022,PF_NE2022,166,6/15/2022,23,0,,,0,,,20.44,
PF,PF_NE2022,PF_NE2022,167,6/16/2022,0,0,,,0,,,19.25,
PF,PF_NE2022,PF_NE2022,167,6/16/2022,1,0,,,0,,,18.51,
PF,PF_NE2022,PF_NE2022,167,6/16/2022,2,0,,,0,,,17.77,
PF,PF_NE2022,PF_NE2022,167,6/16/2022,3,0,,,0,,,17.03,
PF,PF_NE2022,PF_NE2022,167,6/16/2022,4,0,,,0,,,17.31,
PF,PF_NE2022,PF_NE2022,167,6/16/2022,5,0,,,0,,,17.59,
PF,PF_NE2022,PF_NE2022,167,6/16/2022,6,0.3790656,,,0,,,17.88,
PF,PF_NE2022,PF_NE2022,167,6/16/2022,7,0.9190656,,,0,,,20.97,
PF,PF_NE2022,PF_NE2022,167,6/16/2022,8,1.4511312,,,0,,,24.07,
PF,PF_NE2022,PF_NE2022,167,6/16/2022,9,1.9953972,,,0,,,27.17,
PF,PF_NE2022,PF_NE2022,167,6/16/2022,10,2.492892,,,0,,,29.36,
PF,PF_NE2022,PF_NE2022,167,6/16/2022,11,2.889468,,,0,,,31.55,
PF,PF_NE2022,PF_NE2022,167,6/16/2022,12,3.1091796,,,0,,,33.74,
PF,PF_NE2022,PF_NE2022,167,6/16/2022,13,3.2305428,,,0,,,34.32,
PF,PF_NE2022,PF_NE2022,167,6/16/2022,14,3.1368564,,,0,,,34.9,
PF,PF_NE2022,PF_NE2022,167,6/16/2022,15,2.8807344,,,0,,,35.48,
PF,PF_NE2022,PF_NE2022,167,6/16/2022,16,2.4379452,,,0,,,35.43,
PF,PF_NE2022,PF_NE2022,167,6/16/2022,17,1.8146628,,,0,,,35.37,
PF,PF_NE2022,PF_NE2022,167,6/16/2022,18,1.171296,,,0,,,35.31,
PF,PF_NE2022,PF_NE2022,167,6/16/2022,19,0.636192,,,0,,,32.71,
PF,PF_NE2022,PF_NE2022,167,6/16/2022,20,0.110448,,,0,,,30.12,
PF,PF_NE2022,PF_NE2022,167,6/16/2022,21,0,,,0,,,27.52,
PF,PF_NE2022,PF_NE2022,167,6/16/2022,22,0,,,0,,,26.55,
PF,PF_NE2022,PF_NE2022,167,6/16/2022,23,0,,,0,,,25.57,
PF,PF_NE2022,PF_NE2022,168,6/17/2022,0,0,,,0,,,24.6,
PF,PF_NE2022,PF_NE2022,168,6/17/2022,1,0,,,0,,,23.63,
PF,PF_NE2022,PF_NE2022,168,6/17/2022,2,0,,,0,,,22.65,
PF,PF_NE2022,PF_NE2022,168,6/17/2022,3,0,,,0,,,21.68,
PF,PF_NE2022,PF_NE2022,168,6/17/2022,4,0,,,0,,,21.04,
PF,PF_NE2022,PF_NE2022,168,6/17/2022,5,0,,,0,,,20.4,
PF,PF_NE2022,PF_NE2022,168,6/17/2022,6,0.36504,,,0,,,19.76,
PF,PF_NE2022,PF_NE2022,168,6/17/2022,7,0.885762,,,0,,,22.38,
PF,PF_NE2022,PF_NE2022,168,6/17/2022,8,1.3989852,,,0,,,25,
PF,PF_NE2022,PF_NE2022,168,6/17/2022,9,1.964988,,,0,,,27.63,
PF,PF_NE2022,PF_NE2022,168,6/17/2022,10,2.4552648,,,0,,,30.84,
PF,PF_NE2022,PF_NE2022,168,6/17/2022,11,2.8463652,,,0,,,34.04,
PF,PF_NE2022,PF_NE2022,168,6/17/2022,12,3.0979152,,,0,,,37.25,
PF,PF_NE2022,PF_NE2022,168,6/17/2022,13,3.2192676,,,0,,,37.92,
PF,PF_NE2022,PF_NE2022,168,6/17/2022,14,3.1265892,,,0,,,38.58,
PF,PF_NE2022,PF_NE2022,168,6/17/2022,15,2.8973556,,,0,,,39.24,
PF,PF_NE2022,PF_NE2022,168,6/17/2022,16,2.4528528,,,0,,,38.81,
PF,PF_NE2022,PF_NE2022,168,6/17/2022,17,1.8266832,,,0,,,38.37,
PF,PF_NE2022,PF_NE2022,168,6/17/2022,18,1.1851776,,,0,,,37.94,
PF,PF_NE2022,PF_NE2022,168,6/17/2022,19,0.6451776,,,0,,,35.66,
PF,PF_NE2022,PF_NE2022,168,6/17/2022,20,0.11448,,,0,,,33.39,
PF,PF_NE2022,PF_NE2022,168,6/17/2022,21,0,,,0,,,31.11,
PF,PF_NE2022,PF_NE2022,168,6/17/2022,22,0,,,0,,,29.67,
PF,PF_NE2022,PF_NE2022,168,6/17/2022,23,0,,,0,,,28.23,
PF,PF_NE2022,PF_NE2022,169,6/18/2022,0,0,,,0,,,26.78,
PF,PF_NE2022,PF_NE2022,169,6/18/2022,1,0,,,0,,,25.99,
PF,PF_NE2022,PF_NE2022,169,6/18/2022,2,0,,,0,,,25.2,
PF,PF_NE2022,PF_NE2022,169,6/18/2022,3,0,,,0,,,24.4,
PF,PF_NE2022,PF_NE2022,169,6/18/2022,4,0,,,0,,,24.52,
PF,PF_NE2022,PF_NE2022,169,6/18/2022,5,0,,,0,,,24.63,
PF,PF_NE2022,PF_NE2022,169,6/18/2022,6,0.3708864,,,0,,,24.74,
PF,PF_NE2022,PF_NE2022,169,6/18/2022,7,0.9009756,,,0,,,27.1,
PF,PF_NE2022,PF_NE2022,169,6/18/2022,8,1.4235084,,,0,,,29.45,
PF,PF_NE2022,PF_NE2022,169,6/18/2022,9,1.9879128,,,0,,,31.8,
PF,PF_NE2022,PF_NE2022,169,6/18/2022,10,2.484342,,,0,,,33.56,
PF,PF_NE2022,PF_NE2022,169,6/18/2022,11,2.8805724,,,0,,,35.33,
PF,PF_NE2022,PF_NE2022,169,6/18/2022,12,3.1150368,,,0,,,37.09,
PF,PF_NE2022,PF_NE2022,169,6/18/2022,13,3.237624,,,0,,,37.38,
PF,PF_NE2022,PF_NE2022,169,6/18/2022,14,3.1450824,,,0,,,37.67,
PF,PF_NE2022,PF_NE2022,169,6/18/2022,15,2.89071,,,0,,,37.96,
PF,PF_NE2022,PF_NE2022,169,6/18/2022,16,2.4480936,,,0,,,37.49,
PF,PF_NE2022,PF_NE2022,169,6/18/2022,17,1.82403,,,0,,,37.01,
PF,PF_NE2022,PF_NE2022,169,6/18/2022,18,1.181088,,,0,,,36.54,
PF,PF_NE2022,PF_NE2022,169,6/18/2022,19,0.644256,,,0,,,34.78,
PF,PF_NE2022,PF_NE2022,169,6/18/2022,20,0.1165824,,,0,,,33.01,
PF,PF_NE2022,PF_NE2022,169,6/18/2022,21,0,,,0,,,31.24,
PF,PF_NE2022,PF_NE2022,169,6/18/2022,22,0,,,0,,,30.42,
PF,PF_NE2022,PF_NE2022,169,6/18/2022,23,0,,,0,,,29.61,
PF,PF_NE2022,PF_NE2022,170,6/19/2022,0,0,,,0,,,28.79,
PF,PF_NE2022,PF_NE2022,170,6/19/2022,1,0,,,0,,,28.16,
PF,PF_NE2022,PF_NE2022,170,6/19/2022,2,0,,,0,,,27.54,
PF,PF_NE2022,PF_NE2022,170,6/19/2022,3,0,,,0,,,26.91,
PF,PF_NE2022,PF_NE2022,170,6/19/2022,4,0,,,0,,,26.44,
PF,PF_NE2022,PF_NE2022,170,6/19/2022,5,0,,,0,,,25.97,
PF,PF_NE2022,PF_NE2022,170,6/19/2022,6,0.3631104,,,0,,,25.5,
PF,PF_NE2022,PF_NE2022,170,6/19/2022,7,0.8834004,,,0,,,27.41,
PF,PF_NE2022,PF_NE2022,170,6/19/2022,8,1.3964508,,,0,,,29.32,
PF,PF_NE2022,PF_NE2022,170,6/19/2022,9,1.9672344,,,0,,,31.23,
PF,PF_NE2022,PF_NE2022,170,6/19/2022,10,2.4590484,,,0,,,32.88,
PF,PF_NE2022,PF_NE2022,170,6/19/2022,11,2.851794,,,0,,,34.54,
PF,PF_NE2022,PF_NE2022,170,6/19/2022,12,3.093948,,,0,,,36.19,
PF,PF_NE2022,PF_NE2022,170,6/19/2022,13,3.2164128,,,0,,,36.51,
PF,PF_NE2022,PF_NE2022,170,6/19/2022,14,3.1250088,,,0,,,36.82,
PF,PF_NE2022,PF_NE2022,170,6/19/2022,15,2.875662,,,0,,,37.13,
PF,PF_NE2022,PF_NE2022,170,6/19/2022,16,2.4360552,,,0,,,36.73,
PF,PF_NE2022,PF_NE2022,170,6/19/2022,17,1.8159264,,,0,,,36.33,
PF,PF_NE2022,PF_NE2022,170,6/19/2022,18,1.1786112,,,0,,,35.93,
PF,PF_NE2022,PF_NE2022,170,6/19/2022,19,0.644112,,,0,,,34.13,
PF,PF_NE2022,PF_NE2022,170,6/19/2022,20,0.1185696,,,0,,,32.33,
PF,PF_NE2022,PF_NE2022,170,6/19/2022,21,0,,,0,,,30.53,
PF,PF_NE2022,PF_NE2022,170,6/19/2022,22,0,,,0,,,29.66,
PF,PF_NE2022,PF_NE2022,170,6/19/2022,23,0,,,0,,,28.79,
PF,PF_NE2022,PF_NE2022,171,6/20/2022,0,0,,,0,,,27.92,
PF,PF_NE2022,PF_NE2022,171,6/20/2022,1,0,,,0,,,27.16,
PF,PF_NE2022,PF_NE2022,171,6/20/2022,2,0,,,0,,,26.4,
PF,PF_NE2022,PF_NE2022,171,6/20/2022,3,0,,,0,,,25.65,
PF,PF_NE2022,PF_NE2022,171,6/20/2022,4,0,,,0,,,25.32,
PF,PF_NE2022,PF_NE2022,171,6/20/2022,5,0,,,0,,,24.99,
PF,PF_NE2022,PF_NE2022,171,6/20/2022,6,0.3630528,,,0,,,24.67,
PF,PF_NE2022,PF_NE2022,171,6/20/2022,7,0.8850312,,,0,,,26.75,
PF,PF_NE2022,PF_NE2022,171,6/20/2022,8,1.3998672,,,0,,,28.83,
PF,PF_NE2022,PF_NE2022,171,6/20/2022,9,1.947582,,,0,,,30.91,
PF,PF_NE2022,PF_NE2022,171,6/20/2022,10,2.435076,,,0,,,32.48,
PF,PF_NE2022,PF_NE2022,171,6/20/2022,11,2.8245276,,,0,,,34.05,
PF,PF_NE2022,PF_NE2022,171,6/20/2022,12,3.0547728,,,0,,,35.62,
PF,PF_NE2022,PF_NE2022,171,6/20/2022,13,3.1761756,,,0,,,36.09,
PF,PF_NE2022,PF_NE2022,171,6/20/2022,14,3.0865572,,,0,,,36.55,
PF,PF_NE2022,PF_NE2022,171,6/20/2022,15,2.8481868,,,0,,,37.02,
PF,PF_NE2022,PF_NE2022,171,6/20/2022,16,2.4134544,,,0,,,36.71,
PF,PF_NE2022,PF_NE2022,171,6/20/2022,17,1.7998416,,,0,,,36.39,
PF,PF_NE2022,PF_NE2022,171,6/20/2022,18,1.2036672,,,0,,,36.07,
PF,PF_NE2022,PF_NE2022,171,6/20/2022,19,0.658944,,,0,,,33.79,
PF,PF_NE2022,PF_NE2022,171,6/20/2022,20,0.1231488,,,0,,,31.5,
PF,PF_NE2022,PF_NE2022,171,6/20/2022,21,0,,,0,,,29.22,
PF,PF_NE2022,PF_NE2022,171,6/20/2022,22,0,,,0,,,28.25,
PF,PF_NE2022,PF_NE2022,171,6/20/2022,23,0,,,0,,,27.28,
PF,PF_NE2022,PF_NE2022,172,6/21/2022,0,0,,,0,,,26.31,
PF,PF_NE2022,PF_NE2022,172,6/21/2022,1,0,,,0,,,24.99,
PF,PF_NE2022,PF_NE2022,172,6/21/2022,2,0,,,0,,,23.66,
PF,PF_NE2022,PF_NE2022,172,6/21/2022,3,0,,,0,,,22.34,
PF,PF_NE2022,PF_NE2022,172,6/21/2022,4,0,,,0,,,21.4,
PF,PF_NE2022,PF_NE2022,172,6/21/2022,5,0,,,0,,,20.47,
PF,PF_NE2022,PF_NE2022,172,6/21/2022,6,0.3733632,,,0,,,19.54,
PF,PF_NE2022,PF_NE2022,172,6/21/2022,7,0.9123912,,,0,,,21.81,
PF,PF_NE2022,PF_NE2022,172,6/21/2022,8,1.444086,,,0,,,24.07,
PF,PF_NE2022,PF_NE2022,172,6/21/2022,9,2.0014272,,,0,,,26.34,
PF,PF_NE2022,PF_NE2022,172,6/21/2022,10,2.502972,,,0,,,28.07,
PF,PF_NE2022,PF_NE2022,172,6/21/2022,11,2.903886,,,0,,,29.81,
PF,PF_NE2022,PF_NE2022,172,6/21/2022,12,2.9400588,,,0,,,31.54,
PF,PF_NE2022,PF_NE2022,172,6/21/2022,13,3.0574656,,,0,,,31.82,
PF,PF_NE2022,PF_NE2022,172,6/21/2022,14,2.9718216,,,0,,,32.1,
PF,PF_NE2022,PF_NE2022,172,6/21/2022,15,2.619018,,,0,,,32.39,
PF,PF_NE2022,PF_NE2022,172,6/21/2022,16,2.2198968,,,0,,,31.91,
PF,PF_NE2022,PF_NE2022,172,6/21/2022,17,1.6561656,,,0,,,31.44,
PF,PF_NE2022,PF_NE2022,172,6/21/2022,18,1.1908224,,,0,,,30.97,
PF,PF_NE2022,PF_NE2022,172,6/21/2022,19,0.6528672,,,0,,,28.71,
PF,PF_NE2022,PF_NE2022,172,6/21/2022,20,0.1236384,,,0,,,26.45,
PF,PF_NE2022,PF_NE2022,172,6/21/2022,21,0,,,0,,,24.19,
PF,PF_NE2022,PF_NE2022,172,6/21/2022,22,0,,,0,,,23.68,
PF,PF_NE2022,PF_NE2022,172,6/21/2022,23,0,,,0,,,23.17,
PF,PF_NE2022,PF_NE2022,173,6/22/2022,0,0,,,0,,,22.66,
PF,PF_NE2022,PF_NE2022,173,6/22/2022,1,0,,,0,,,21.39,
PF,PF_NE2022,PF_NE2022,173,6/22/2022,2,0,,,0,,,20.11,
PF,PF_NE2022,PF_NE2022,173,6/22/2022,3,0,,,0,,,18.84,
PF,PF_NE2022,PF_NE2022,173,6/22/2022,4,0,,,0,,,18.47,
PF,PF_NE2022,PF_NE2022,173,6/22/2022,5,0,,,0,,,18.09,
PF,PF_NE2022,PF_NE2022,173,6/22/2022,6,0.3629088,,,0,,,17.72,
PF,PF_NE2022,PF_NE2022,173,6/22/2022,7,0.889398,,,0,,,20.34,
PF,PF_NE2022,PF_NE2022,173,6/22/2022,8,1.4088888,,,0,,,22.95,
PF,PF_NE2022,PF_NE2022,173,6/22/2022,9,1.9733184,,,0,,,25.57,
PF,PF_NE2022,PF_NE2022,173,6/22/2022,10,2.4685344,,,0,,,27.34,
PF,PF_NE2022,PF_NE2022,173,6/22/2022,11,2.8645812,,,0,,,29.11,
PF,PF_NE2022,PF_NE2022,173,6/22/2022,12,3.0486456,,,0,,,30.88,
PF,PF_NE2022,PF_NE2022,173,6/22/2022,13,3.1709952,,,0,,,31.83,
PF,PF_NE2022,PF_NE2022,173,6/22/2022,14,3.0826764,,,0,,,32.79,
PF,PF_NE2022,PF_NE2022,173,6/22/2022,15,2.6753148,,,0,,,33.74,
PF,PF_NE2022,PF_NE2022,173,6/22/2022,16,2.2682016,,,0,,,33.3,
PF,PF_NE2022,PF_NE2022,173,6/22/2022,17,1.6928496,,,0,,,32.86,
PF,PF_NE2022,PF_NE2022,173,6/22/2022,18,1.201824,,,0,,,32.42,
PF,PF_NE2022,PF_NE2022,173,6/22/2022,19,0.6597504,,,0,,,30.3,
PF,PF_NE2022,PF_NE2022,173,6/22/2022,20,0.1263456,,,0,,,28.18,
PF,PF_NE2022,PF_NE2022,173,6/22/2022,21,0,,,0,,,26.05,
PF,PF_NE2022,PF_NE2022,173,6/22/2022,22,0,,,0,,,24.97,
PF,PF_NE2022,PF_NE2022,173,6/22/2022,23,0,,,0,,,23.88,
PF,PF_NE2022,PF_NE2022,174,6/23/2022,0,0,,,0,,,22.8,
PF,PF_NE2022,PF_NE2022,174,6/23/2022,1,0,,,0,,,21.84,
PF,PF_NE2022,PF_NE2022,174,6/23/2022,2,0,,,0,,,20.89,
PF,PF_NE2022,PF_NE2022,174,6/23/2022,3,0,,,0,,,19.93,
PF,PF_NE2022,PF_NE2022,174,6/23/2022,4,0,,,0,,,19.7,
PF,PF_NE2022,PF_NE2022,174,6/23/2022,5,0,,,0,,,19.47,
PF,PF_NE2022,PF_NE2022,174,6/23/2022,6,0.3600864,,,0,,,19.24,
PF,PF_NE2022,PF_NE2022,174,6/23/2022,7,0.8854056,,,0,,,22.23,
PF,PF_NE2022,PF_NE2022,174,6/23/2022,8,1.403838,,,0,,,25.21,
PF,PF_NE2022,PF_NE2022,174,6/23/2022,9,1.9604268,,,0,,,28.2,
PF,PF_NE2022,PF_NE2022,174,6/23/2022,10,2.4531444,,,0,,,30.33,
PF,PF_NE2022,PF_NE2022,174,6/23/2022,11,2.8473696,,,0,,,32.47,
PF,PF_NE2022,PF_NE2022,174,6/23/2022,12,3.0911436,,,0,,,34.61,
PF,PF_NE2022,PF_NE2022,174,6/23/2022,13,3.2158188,,,0,,,35.2,
PF,PF_NE2022,PF_NE2022,174,6/23/2022,14,3.12687,,,0,,,35.78,
PF,PF_NE2022,PF_NE2022,174,6/23/2022,15,2.8884708,,,0,,,36.37,
PF,PF_NE2022,PF_NE2022,174,6/23/2022,16,2.4495192,,,0,,,36.1,
PF,PF_NE2022,PF_NE2022,174,6/23/2022,17,1.828764,,,0,,,35.84,
PF,PF_NE2022,PF_NE2022,174,6/23/2022,18,1.215072,,,0,,,35.57,
PF,PF_NE2022,PF_NE2022,174,6/23/2022,19,0.6677568,,,0,,,33.32,
PF,PF_NE2022,PF_NE2022,174,6/23/2022,20,0.1290816,,,0,,,31.07,
PF,PF_NE2022,PF_NE2022,174,6/23/2022,21,0,,,0,,,28.82,
PF,PF_NE2022,PF_NE2022,174,6/23/2022,22,0,,,0,,,27.54,
PF,PF_NE2022,PF_NE2022,174,6/23/2022,23,0,,,0,,,26.25,
PF,PF_NE2022,PF_NE2022,175,6/24/2022,0,0,,,0,,,24.96,
PF,PF_NE2022,PF_NE2022,175,6/24/2022,1,0,,,0,,,23.75,
PF,PF_NE2022,PF_NE2022,175,6/24/2022,2,0,,,0,,,22.54,
PF,PF_NE2022,PF_NE2022,175,6/24/2022,3,0,,,0,,,21.33,
PF,PF_NE2022,PF_NE2022,175,6/24/2022,4,0,,,0,,,21.71,
PF,PF_NE2022,PF_NE2022,175,6/24/2022,5,0,,,0,,,22.09,
PF,PF_NE2022,PF_NE2022,175,6/24/2022,6,0.3564288,,,0,,,22.47,
PF,PF_NE2022,PF_NE2022,175,6/24/2022,7,0.88101,,,0,,,25.16,
PF,PF_NE2022,PF_NE2022,175,6/24/2022,8,1.398366,,,0,,,28.1,
PF,PF_NE2022,PF_NE2022,175,6/24/2022,9,1.9446012,,,0,,,31.04,
PF,PF_NE2022,PF_NE2022,175,6/24/2022,10,2.4342048,,,0,,,32.99,
PF,PF_NE2022,PF_NE2022,175,6/24/2022,11,2.8260504,,,0,,,34.94,
PF,PF_NE2022,PF_NE2022,175,6/24/2022,12,3.0836916,,,0,,,36.88,
PF,PF_NE2022,PF_NE2022,175,6/24/2022,13,3.2086224,,,0,,,37.32,
PF,PF_NE2022,PF_NE2022,175,6/24/2022,14,3.1204548,,,0,,,37.75,
PF,PF_NE2022,PF_NE2022,175,6/24/2022,15,2.890728,,,0,,,38.18,
PF,PF_NE2022,PF_NE2022,175,6/24/2022,16,2.4520176,,,0,,,38.1,
PF,PF_NE2022,PF_NE2022,175,6/24/2022,17,1.831194,,,0,,,38.01,
PF,PF_NE2022,PF_NE2022,175,6/24/2022,18,1.2068352,,,0,,,37.92,
PF,PF_NE2022,PF_NE2022,175,6/24/2022,19,0.6638688,,,0,,,35.36,
PF,PF_NE2022,PF_NE2022,175,6/24/2022,20,0.129312,,,7.3,,,32.8,
PF,PF_NE2022,PF_NE2022,175,6/24/2022,21,0,,,3.8,,,30.24,
PF,PF_NE2022,PF_NE2022,175,6/24/2022,22,0,,,0,,,28.94,
PF,PF_NE2022,PF_NE2022,175,6/24/2022,23,0,,,0,,,27.65,
PF,PF_NE2022,PF_NE2022,176,6/25/2022,0,0,,,0,,,26.35,
PF,PF_NE2022,PF_NE2022,176,6/25/2022,1,0,,,0,,,25.14,
PF,PF_NE2022,PF_NE2022,176,6/25/2022,2,0,,,0,,,23.92,
PF,PF_NE2022,PF_NE2022,176,6/25/2022,3,0,,,0,,,22.71,
PF,PF_NE2022,PF_NE2022,176,6/25/2022,4,0,,,0,,,22.29,
PF,PF_NE2022,PF_NE2022,176,6/25/2022,5,0,,,0,,,21.88,
PF,PF_NE2022,PF_NE2022,176,6/25/2022,6,0.328608,,,0,,,21.47,
PF,PF_NE2022,PF_NE2022,176,6/25/2022,7,0.8143488,,,0,,,20.5,
PF,PF_NE2022,PF_NE2022,176,6/25/2022,8,1.2939408,,,0,,,19.54,
PF,PF_NE2022,PF_NE2022,176,6/25/2022,9,1.5155172,,,0,,,18.57,
PF,PF_NE2022,PF_NE2022,176,6/25/2022,10,1.897776,,,0,,,19.94,
PF,PF_NE2022,PF_NE2022,176,6/25/2022,11,2.2038768,,,0,,,21.3,
PF,PF_NE2022,PF_NE2022,176,6/25/2022,12,2.4023232,,,0,,,22.66,
PF,PF_NE2022,PF_NE2022,176,6/25/2022,13,2.5001244,,,0,,,23.63,
PF,PF_NE2022,PF_NE2022,176,6/25/2022,14,2.4317964,,,0,,,24.6,
PF,PF_NE2022,PF_NE2022,176,6/25/2022,15,2.9202696,,,0,,,25.56,
PF,PF_NE2022,PF_NE2022,176,6/25/2022,16,2.4776172,,,0,,,25.54,
PF,PF_NE2022,PF_NE2022,176,6/25/2022,17,1.8507888,,,0,,,25.51,
PF,PF_NE2022,PF_NE2022,176,6/25/2022,18,1.2394368,,,0,,,25.49,
PF,PF_NE2022,PF_NE2022,176,6/25/2022,19,0.6823008,,,0,,,23.23,
PF,PF_NE2022,PF_NE2022,176,6/25/2022,20,0.1336608,,,0,,,20.98,
PF,PF_NE2022,PF_NE2022,176,6/25/2022,21,0,,,0,,,18.72,
PF,PF_NE2022,PF_NE2022,176,6/25/2022,22,0,,,0,,,17.62,
PF,PF_NE2022,PF_NE2022,176,6/25/2022,23,0,,,0,,,16.51,
PF,PF_NE2022,PF_NE2022,177,6/26/2022,0,0,,,0,,,15.41,
PF,PF_NE2022,PF_NE2022,177,6/26/2022,1,0,,,0,,,14.58,
PF,PF_NE2022,PF_NE2022,177,6/26/2022,2,0,,,0,,,13.75,
PF,PF_NE2022,PF_NE2022,177,6/26/2022,3,0,,,0,,,12.93,
PF,PF_NE2022,PF_NE2022,177,6/26/2022,4,0,,,0,,,12.84,
PF,PF_NE2022,PF_NE2022,177,6/26/2022,5,0,,,0,,,12.75,
PF,PF_NE2022,PF_NE2022,177,6/26/2022,6,0.3034656,,,0,,,12.66,
PF,PF_NE2022,PF_NE2022,177,6/26/2022,7,0.7554816,,,0,,,14.98,
PF,PF_NE2022,PF_NE2022,177,6/26/2022,8,1.2019824,,,0,,,17.29,
PF,PF_NE2022,PF_NE2022,177,6/26/2022,9,1.2947436,,,0,,,19.61,
PF,PF_NE2022,PF_NE2022,177,6/26/2022,10,1.6218972,,,0,,,20.63,
PF,PF_NE2022,PF_NE2022,177,6/26/2022,11,1.8839196,,,0,,,21.66,
PF,PF_NE2022,PF_NE2022,177,6/26/2022,12,1.6821,,,0,,,22.68,
PF,PF_NE2022,PF_NE2022,177,6/26/2022,13,1.7509104,,,0,,,22.98,
PF,PF_NE2022,PF_NE2022,177,6/26/2022,14,1.7033292,,,0,,,23.28,
PF,PF_NE2022,PF_NE2022,177,6/26/2022,15,1.5535044,,,0,,,23.57,
PF,PF_NE2022,PF_NE2022,177,6/26/2022,16,1.3182768,,,0,,,23.37,
PF,PF_NE2022,PF_NE2022,177,6/26/2022,17,0.9849996,,,0,,,23.16,
PF,PF_NE2022,PF_NE2022,177,6/26/2022,18,0.8871552,,,0,,,22.96,
PF,PF_NE2022,PF_NE2022,177,6/26/2022,19,0.4886496,,,0,,,22.03,
PF,PF_NE2022,PF_NE2022,177,6/26/2022,20,0.0961056,,,0,,,21.11,
PF,PF_NE2022,PF_NE2022,177,6/26/2022,21,0,,,0,,,20.19,
PF,PF_NE2022,PF_NE2022,177,6/26/2022,22,0,,,0,,,19.11,
PF,PF_NE2022,PF_NE2022,177,6/26/2022,23,0,,,0,,,18.03,
PF,PF_NE2022,PF_NE2022,178,6/27/2022,0,0,,,0,,,16.95,
PF,PF_NE2022,PF_NE2022,178,6/27/2022,1,0,,,0,,,16.25,
PF,PF_NE2022,PF_NE2022,178,6/27/2022,2,0,,,0,,,15.56,
PF,PF_NE2022,PF_NE2022,178,6/27/2022,3,0,,,0,,,14.86,
PF,PF_NE2022,PF_NE2022,178,6/27/2022,4,0,,,0,,,14.78,
PF,PF_NE2022,PF_NE2022,178,6/27/2022,5,0,,,0,,,14.7,
PF,PF_NE2022,PF_NE2022,178,6/27/2022,6,0.3546432,,,0,,,14.62,
PF,PF_NE2022,PF_NE2022,178,6/27/2022,7,0.887328,,,0,,,17.34,
PF,PF_NE2022,PF_NE2022,178,6/27/2022,8,1.4136372,,,0,,,20.06,
PF,PF_NE2022,PF_NE2022,178,6/27/2022,9,1.9808712,,,0,,,22.78,
PF,PF_NE2022,PF_NE2022,178,6/27/2022,10,2.4824124,,,0,,,24.23,
PF,PF_NE2022,PF_NE2022,178,6/27/2022,11,2.8843488,,,0,,,25.68,
PF,PF_NE2022,PF_NE2022,178,6/27/2022,12,3.1339944,,,0,,,27.13,
PF,PF_NE2022,PF_NE2022,178,6/27/2022,13,3.2627952,,,0,,,27.66,
PF,PF_NE2022,PF_NE2022,178,6/27/2022,14,3.1747032,,,0,,,28.19,
PF,PF_NE2022,PF_NE2022,178,6/27/2022,15,2.9397312,,,0,,,28.72,
PF,PF_NE2022,PF_NE2022,178,6/27/2022,16,2.4950376,,,0,,,28.16,
PF,PF_NE2022,PF_NE2022,178,6/27/2022,17,1.8646416,,,0,,,27.61,
PF,PF_NE2022,PF_NE2022,178,6/27/2022,18,1.2371904,,,0,,,27.06,
PF,PF_NE2022,PF_NE2022,178,6/27/2022,19,0.681696,,,0,,,24.64,
PF,PF_NE2022,PF_NE2022,178,6/27/2022,20,0.1344096,,,0,,,22.22,
PF,PF_NE2022,PF_NE2022,178,6/27/2022,21,0,,,0,,,19.8,
PF,PF_NE2022,PF_NE2022,178,6/27/2022,22,0,,,0,,,18.24,
PF,PF_NE2022,PF_NE2022,178,6/27/2022,23,0,,,0,,,16.68,
PF,PF_NE2022,PF_NE2022,179,6/28/2022,0,0,,,0,,,15.13,
PF,PF_NE2022,PF_NE2022,179,6/28/2022,1,0,,,0,,,14,
PF,PF_NE2022,PF_NE2022,179,6/28/2022,2,0,,,0,,,12.88,
PF,PF_NE2022,PF_NE2022,179,6/28/2022,3,0,,,0,,,11.76,
PF,PF_NE2022,PF_NE2022,179,6/28/2022,4,0,,,0,,,11.75,
PF,PF_NE2022,PF_NE2022,179,6/28/2022,5,0,,,0,,,11.74,
PF,PF_NE2022,PF_NE2022,179,6/28/2022,6,0.351504,,,0,,,11.73,
PF,PF_NE2022,PF_NE2022,179,6/28/2022,7,0.8843328,,,0,,,15.52,
PF,PF_NE2022,PF_NE2022,179,6/28/2022,8,1.4109084,,,0,,,19.3,
PF,PF_NE2022,PF_NE2022,179,6/28/2022,9,1.9766592,,,0,,,23.09,
PF,PF_NE2022,PF_NE2022,179,6/28/2022,10,2.4780924,,,0,,,26.32,
PF,PF_NE2022,PF_NE2022,179,6/28/2022,11,2.8802196,,,0,,,29.54,
PF,PF_NE2022,PF_NE2022,179,6/28/2022,12,3.1266972,,,0,,,32.77,
PF,PF_NE2022,PF_NE2022,179,6/28/2022,13,3.2558004,,,0,,,33.75,
PF,PF_NE2022,PF_NE2022,179,6/28/2022,14,3.1684392,,,0,,,34.74,
PF,PF_NE2022,PF_NE2022,179,6/28/2022,15,2.9350044,,,0,,,35.72,
PF,PF_NE2022,PF_NE2022,179,6/28/2022,16,2.491398,,,0,,,35.46,
PF,PF_NE2022,PF_NE2022,179,6/28/2022,17,1.8621684,,,0,,,35.2,
PF,PF_NE2022,PF_NE2022,179,6/28/2022,18,1.2218112,,,0,,,34.94,
PF,PF_NE2022,PF_NE2022,179,6/28/2022,19,0.6733728,,,0,,,32.46,
PF,PF_NE2022,PF_NE2022,179,6/28/2022,20,0.1328544,,,0,,,29.99,
PF,PF_NE2022,PF_NE2022,179,6/28/2022,21,0,,,0,,,27.51,
PF,PF_NE2022,PF_NE2022,179,6/28/2022,22,0,,,0,,,26.29,
PF,PF_NE2022,PF_NE2022,179,6/28/2022,23,0,,,0,,,25.08,
PF,PF_NE2022,PF_NE2022,180,6/29/2022,0,0,,,0,,,23.87,
PF,PF_NE2022,PF_NE2022,180,6/29/2022,1,0,,,0,,,22.79,
PF,PF_NE2022,PF_NE2022,180,6/29/2022,2,0,,,0,,,21.71,
PF,PF_NE2022,PF_NE2022,180,6/29/2022,3,0,,,0,,,20.63,
PF,PF_NE2022,PF_NE2022,180,6/29/2022,4,0,,,0,,,20.22,
PF,PF_NE2022,PF_NE2022,180,6/29/2022,5,0,,,0,,,19.81,
PF,PF_NE2022,PF_NE2022,180,6/29/2022,6,0.3477888,,,0,,,19.4,
PF,PF_NE2022,PF_NE2022,180,6/29/2022,7,0.8802432,,,0,,,22.64,
PF,PF_NE2022,PF_NE2022,180,6/29/2022,8,1.4064876,,,0,,,25.89,
PF,PF_NE2022,PF_NE2022,180,6/29/2022,9,1.95885,,,0,,,29.14,
PF,PF_NE2022,PF_NE2022,180,6/29/2022,10,2.4568812,,,0,,,31.84,
PF,PF_NE2022,PF_NE2022,180,6/29/2022,11,2.856384,,,0,,,34.55,
PF,PF_NE2022,PF_NE2022,180,6/29/2022,12,3.1375584,,,0,,,37.26,
PF,PF_NE2022,PF_NE2022,180,6/29/2022,13,3.2676768,,,0,,,38.15,
PF,PF_NE2022,PF_NE2022,180,6/29/2022,14,3.1805208,,,0,,,39.05,
PF,PF_NE2022,PF_NE2022,180,6/29/2022,15,2.8962144,,,0,,,39.94,
PF,PF_NE2022,PF_NE2022,180,6/29/2022,16,2.4587784,,,0,,,39.27,
PF,PF_NE2022,PF_NE2022,180,6/29/2022,17,1.8380772,,,0,,,38.59,
PF,PF_NE2022,PF_NE2022,180,6/29/2022,18,1.0746432,,,0,,,37.91,
PF,PF_NE2022,PF_NE2022,180,6/29/2022,19,0.5922432,,,0,,,35.37,
PF,PF_NE2022,PF_NE2022,180,6/29/2022,20,0.1167264,,,0,,,32.82,
PF,PF_NE2022,PF_NE2022,180,6/29/2022,21,0,,,0,,,30.27,
PF,PF_NE2022,PF_NE2022,180,6/29/2022,22,0,,,0,,,28.68,
PF,PF_NE2022,PF_NE2022,180,6/29/2022,23,0,,,0,,,27.09,
PF,PF_NE2022,PF_NE2022,181,6/30/2022,0,0,,,0,,,25.5,
PF,PF_NE2022,PF_NE2022,181,6/30/2022,1,0,,,0,,,24.5,
PF,PF_NE2022,PF_NE2022,181,6/30/2022,2,0,,,0,,,23.5,
PF,PF_NE2022,PF_NE2022,181,6/30/2022,3,0,,,0,,,22.5,
PF,PF_NE2022,PF_NE2022,181,6/30/2022,4,0,,,0,,,22.38,
PF,PF_NE2022,PF_NE2022,181,6/30/2022,5,0,,,0,,,22.26,
PF,PF_NE2022,PF_NE2022,181,6/30/2022,6,0.321984,,,0,,,22.14,
PF,PF_NE2022,PF_NE2022,181,6/30/2022,7,0.8201664,,,0,,,25.35,
PF,PF_NE2022,PF_NE2022,181,6/30/2022,8,1.3126752,,,0,,,28.56,
PF,PF_NE2022,PF_NE2022,181,6/30/2022,9,1.7386632,,,0,,,31.78,
PF,PF_NE2022,PF_NE2022,181,6/30/2022,10,2.181726,,,0,,,33.4,
PF,PF_NE2022,PF_NE2022,181,6/30/2022,11,2.53728,,,0,,,35.02,
PF,PF_NE2022,PF_NE2022,181,6/30/2022,12,2.5411968,,,0,,,36.64,
PF,PF_NE2022,PF_NE2022,181,6/30/2022,13,2.6470764,,,0,,,36.79,
PF,PF_NE2022,PF_NE2022,181,6/30/2022,14,2.5768404,,,0,,,36.95,
PF,PF_NE2022,PF_NE2022,181,6/30/2022,15,2.0288016,,,0,,,37.1,
PF,PF_NE2022,PF_NE2022,181,6/30/2022,16,1.7225712,,,0,,,36.27,
PF,PF_NE2022,PF_NE2022,181,6/30/2022,17,1.2878496,,,0,,,35.43,
PF,PF_NE2022,PF_NE2022,181,6/30/2022,18,0.9243072,,,0,,,34.6,
PF,PF_NE2022,PF_NE2022,181,6/30/2022,19,0.5092992,,,0,,,32.51,
PF,PF_NE2022,PF_NE2022,181,6/30/2022,20,0.1001088,,,0,,,30.42,
PF,PF_NE2022,PF_NE2022,181,6/30/2022,21,0,,,0,,,28.33,
PF,PF_NE2022,PF_NE2022,181,6/30/2022,22,0,,,0,,,26.99,
PF,PF_NE2022,PF_NE2022,181,6/30/2022,23,0,,,0,,,25.65,
PF,PF_NE2022,PF_NE2022,182,7/1/2022,0,0,,,0,,,24.31,
PF,PF_NE2022,PF_NE2022,182,7/1/2022,1,0,,,0.3,,,23.48,
PF,PF_NE2022,PF_NE2022,182,7/1/2022,2,0,,,1.3,,,22.66,
PF,PF_NE2022,PF_NE2022,182,7/1/2022,3,0,,,2.7,,,21.84,
PF,PF_NE2022,PF_NE2022,182,7/1/2022,4,0,,,0,,,21.35,
PF,PF_NE2022,PF_NE2022,182,7/1/2022,5,0,,,0,,,20.87,
PF,PF_NE2022,PF_NE2022,182,7/1/2022,6,0.291312,,,0,,,20.39,
PF,PF_NE2022,PF_NE2022,182,7/1/2022,7,0.7472448,,,0,,,21.44,
PF,PF_NE2022,PF_NE2022,182,7/1/2022,8,1.1968092,,,0,,,22.49,
PF,PF_NE2022,PF_NE2022,182,7/1/2022,9,1.3476096,,,0,,,23.54,
PF,PF_NE2022,PF_NE2022,182,7/1/2022,10,1.7543232,,,0,,,24.99,
PF,PF_NE2022,PF_NE2022,182,7/1/2022,11,2.0656872,,,0,,,26.44,
PF,PF_NE2022,PF_NE2022,182,7/1/2022,12,3.1263696,,,0,,,27.89,
PF,PF_NE2022,PF_NE2022,182,7/1/2022,13,3.1738032,,,0,,,28.87,
PF,PF_NE2022,PF_NE2022,182,7/1/2022,14,3.1098888,,,0,,,29.86,
PF,PF_NE2022,PF_NE2022,182,7/1/2022,15,2.8310868,,,0,,,30.85,
PF,PF_NE2022,PF_NE2022,182,7/1/2022,16,2.3347332,,,0,,,30.57,
PF,PF_NE2022,PF_NE2022,182,7/1/2022,17,1.7361,,,0,,,30.3,
PF,PF_NE2022,PF_NE2022,182,7/1/2022,18,1.1835072,,,0,,,30.03,
PF,PF_NE2022,PF_NE2022,182,7/1/2022,19,0.6518592,,,0,,,28.04,
PF,PF_NE2022,PF_NE2022,182,7/1/2022,20,0.1275552,,,0,,,26.04,
PF,PF_NE2022,PF_NE2022,182,7/1/2022,21,0,,,0,,,24.04,
PF,PF_NE2022,PF_NE2022,182,7/1/2022,22,0,,,0,,,23.16,
PF,PF_NE2022,PF_NE2022,182,7/1/2022,23,0,,,0,,,22.27,
PF,PF_NE2022,PF_NE2022,183,7/2/2022,0,0,,,0,,,21.38,
PF,PF_NE2022,PF_NE2022,183,7/2/2022,1,0,,,8,,,21.23,
PF,PF_NE2022,PF_NE2022,183,7/2/2022,2,0,,,0,,,21.07,
PF,PF_NE2022,PF_NE2022,183,7/2/2022,3,0,,,0,,,20.92,
PF,PF_NE2022,PF_NE2022,183,7/2/2022,4,0,,,0,,,20.67,
PF,PF_NE2022,PF_NE2022,183,7/2/2022,5,0,,,0,,,20.42,
PF,PF_NE2022,PF_NE2022,183,7/2/2022,6,0.2915136,,,0,,,20.18,
PF,PF_NE2022,PF_NE2022,183,7/2/2022,7,0.7533504,,,0,,,21.57,
PF,PF_NE2022,PF_NE2022,183,7/2/2022,8,1.20879,,,0,,,22.97,
PF,PF_NE2022,PF_NE2022,183,7/2/2022,9,1.851048,,,0,,,24.36,
PF,PF_NE2022,PF_NE2022,183,7/2/2022,10,2.4108732,,,0,,,26.11,
PF,PF_NE2022,PF_NE2022,183,7/2/2022,11,2.8397052,,,0,,,27.85,
PF,PF_NE2022,PF_NE2022,183,7/2/2022,12,3.1307724,,,0,,,29.6,
PF,PF_NE2022,PF_NE2022,183,7/2/2022,13,3.1788504,,,0,,,30.31,
PF,PF_NE2022,PF_NE2022,183,7/2/2022,14,3.1152852,,,0,,,31.03,
PF,PF_NE2022,PF_NE2022,183,7/2/2022,15,2.8451232,,,0,,,31.75,
PF,PF_NE2022,PF_NE2022,183,7/2/2022,16,2.3464944,,,0,,,31.68,
PF,PF_NE2022,PF_NE2022,183,7/2/2022,17,1.7448444,,,0,,,31.62,
PF,PF_NE2022,PF_NE2022,183,7/2/2022,18,1.19376,,,0,,,31.55,
PF,PF_NE2022,PF_NE2022,183,7/2/2022,19,0.6571296,,,0,,,29.21,
PF,PF_NE2022,PF_NE2022,183,7/2/2022,20,0.1277568,,,0,,,26.86,
PF,PF_NE2022,PF_NE2022,183,7/2/2022,21,0,,,0,,,24.52,
PF,PF_NE2022,PF_NE2022,183,7/2/2022,22,0,,,0,,,23.94,
PF,PF_NE2022,PF_NE2022,183,7/2/2022,23,0,,,0,,,23.36,
PF,PF_NE2022,PF_NE2022,184,7/3/2022,0,0,,,0,,,22.78,
PF,PF_NE2022,PF_NE2022,184,7/3/2022,1,0,,,0,,,22.21,
PF,PF_NE2022,PF_NE2022,184,7/3/2022,2,0,,,0,,,21.65,
PF,PF_NE2022,PF_NE2022,184,7/3/2022,3,0,,,0,,,21.09,
PF,PF_NE2022,PF_NE2022,184,7/3/2022,4,0,,,0,,,20.96,
PF,PF_NE2022,PF_NE2022,184,7/3/2022,5,0,,,0,,,20.83,
PF,PF_NE2022,PF_NE2022,184,7/3/2022,6,0.301392,,,0,,,20.7,
PF,PF_NE2022,PF_NE2022,184,7/3/2022,7,0.785088,,,0,,,22.91,
PF,PF_NE2022,PF_NE2022,184,7/3/2022,8,1.2622104,,,0,,,25.11,
PF,PF_NE2022,PF_NE2022,184,7/3/2022,9,1.8066672,,,0,,,27.31,
PF,PF_NE2022,PF_NE2022,184,7/3/2022,10,2.354292,,,0,,,29.6,
PF,PF_NE2022,PF_NE2022,184,7/3/2022,11,2.7739728,,,0,,,31.88,
PF,PF_NE2022,PF_NE2022,184,7/3/2022,12,2.8927584,,,0,,,34.17,
PF,PF_NE2022,PF_NE2022,184,7/3/2022,13,2.9377152,,,0,,,34.83,
PF,PF_NE2022,PF_NE2022,184,7/3/2022,14,2.8793952,,,0,,,35.5,
PF,PF_NE2022,PF_NE2022,184,7/3/2022,15,2.4810012,,,0,,,36.17,
PF,PF_NE2022,PF_NE2022,184,7/3/2022,16,2.0462544,,,0,,,35.56,
PF,PF_NE2022,PF_NE2022,184,7/3/2022,17,1.52163,,,0,,,34.94,
PF,PF_NE2022,PF_NE2022,184,7/3/2022,18,0.7354944,,,0,,,34.33,
PF,PF_NE2022,PF_NE2022,184,7/3/2022,19,0.4045248,,,0,,,32.03,
PF,PF_NE2022,PF_NE2022,184,7/3/2022,20,0.0780192,,,0,,,29.73,
PF,PF_NE2022,PF_NE2022,184,7/3/2022,21,0,,,0,,,27.42,
PF,PF_NE2022,PF_NE2022,184,7/3/2022,22,0,,,1.7,,,26.51,
PF,PF_NE2022,PF_NE2022,184,7/3/2022,23,0,,,0,,,25.6,
PF,PF_NE2022,PF_NE2022,185,7/4/2022,0,0,,,0,,,24.69,
PF,PF_NE2022,PF_NE2022,185,7/4/2022,1,0,,,0,,,24.05,
PF,PF_NE2022,PF_NE2022,185,7/4/2022,2,0,,,0,,,23.4,
PF,PF_NE2022,PF_NE2022,185,7/4/2022,3,0,,,0,,,22.75,
PF,PF_NE2022,PF_NE2022,185,7/4/2022,4,0,,,0,,,22.35,
PF,PF_NE2022,PF_NE2022,185,7/4/2022,5,0,,,0,,,21.94,
PF,PF_NE2022,PF_NE2022,185,7/4/2022,6,0.29952,,,0,,,21.54,
PF,PF_NE2022,PF_NE2022,185,7/4/2022,7,0.7868736,,,0,,,23.91,
PF,PF_NE2022,PF_NE2022,185,7/4/2022,8,1.267668,,,0,,,26.28,
PF,PF_NE2022,PF_NE2022,185,7/4/2022,9,1.8461844,,,0,,,28.64,
PF,PF_NE2022,PF_NE2022,185,7/4/2022,10,2.4070752,,,0,,,31.2,
PF,PF_NE2022,PF_NE2022,185,7/4/2022,11,2.8372932,,,0,,,33.77,
PF,PF_NE2022,PF_NE2022,185,7/4/2022,12,3.1218516,,,0,,,36.33,
PF,PF_NE2022,PF_NE2022,185,7/4/2022,13,3.1709196,,,0,,,36.91,
PF,PF_NE2022,PF_NE2022,185,7/4/2022,14,3.1083732,,,0,,,37.5,
PF,PF_NE2022,PF_NE2022,185,7/4/2022,15,2.8340712,,,0,,,38.08,
PF,PF_NE2022,PF_NE2022,185,7/4/2022,16,2.3375376,,,0,,,37.86,
PF,PF_NE2022,PF_NE2022,185,7/4/2022,17,1.7381268,,,0,,,37.65,
PF,PF_NE2022,PF_NE2022,185,7/4/2022,18,1.1815488,,,0,,,37.43,
PF,PF_NE2022,PF_NE2022,185,7/4/2022,19,0.6492384,,,0,,,34.87,
PF,PF_NE2022,PF_NE2022,185,7/4/2022,20,0.1239552,,,0,,,32.31,
PF,PF_NE2022,PF_NE2022,185,7/4/2022,21,0,,,0,,,29.75,
PF,PF_NE2022,PF_NE2022,185,7/4/2022,22,0,,,0,,,28.73,
PF,PF_NE2022,PF_NE2022,185,7/4/2022,23,0,,,0,,,27.71,
PF,PF_NE2022,PF_NE2022,186,7/5/2022,0,0,,,0,,,26.69,
PF,PF_NE2022,PF_NE2022,186,7/5/2022,1,0,,,0,,,26.08,
PF,PF_NE2022,PF_NE2022,186,7/5/2022,2,0,,,0,,,25.46,
PF,PF_NE2022,PF_NE2022,186,7/5/2022,3,0,,,0,,,24.84,
PF,PF_NE2022,PF_NE2022,186,7/5/2022,4,0,,,0,,,24.44,
PF,PF_NE2022,PF_NE2022,186,7/5/2022,5,0,,,0,,,24.04,
PF,PF_NE2022,PF_NE2022,186,7/5/2022,6,0.293616,,,0,,,23.63,
PF,PF_NE2022,PF_NE2022,186,7/5/2022,7,0.7784064,,,0,,,26.26,
PF,PF_NE2022,PF_NE2022,186,7/5/2022,8,1.256796,,,0,,,28.89,
PF,PF_NE2022,PF_NE2022,186,7/5/2022,9,1.8208332,,,0,,,31.51,
PF,PF_NE2022,PF_NE2022,186,7/5/2022,10,2.3753448,,,0,,,33.51,
PF,PF_NE2022,PF_NE2022,186,7/5/2022,11,2.8008288,,,0,,,35.5,
PF,PF_NE2022,PF_NE2022,186,7/5/2022,12,3.0144348,,,0,,,37.49,
PF,PF_NE2022,PF_NE2022,186,7/5/2022,13,3.0624012,,,0,,,37.98,
PF,PF_NE2022,PF_NE2022,186,7/5/2022,14,3.0022776,,,0,,,38.47,
PF,PF_NE2022,PF_NE2022,186,7/5/2022,15,2.7720504,,,0,,,38.96,
PF,PF_NE2022,PF_NE2022,186,7/5/2022,16,2.2864608,,,0,,,38.5,
PF,PF_NE2022,PF_NE2022,186,7/5/2022,17,1.7000028,,,0,,,38.04,
PF,PF_NE2022,PF_NE2022,186,7/5/2022,18,1.1815488,,,0,,,37.43,
PF,PF_NE2022,PF_NE2022,186,7/5/2022,19,0.6492384,,,0,,,34.87,
PF,PF_NE2022,PF_NE2022,186,7/5/2022,20,0.1239552,,,0,,,32.31,
PF,PF_NE2022,PF_NE2022,186,7/5/2022,21,0,,,0,,,29.75,
PF,PF_NE2022,PF_NE2022,186,7/5/2022,22,0,,,0,,,28.73,
PF,PF_NE2022,PF_NE2022,186,7/5/2022,23,0,,,0,,,27.71,
PF,PF_NE2022,PF_NE2022,187,7/6/2022,0,0,,,0,,,26.69,
PF,PF_NE2022,PF_NE2022,187,7/6/2022,1,0,,,0,,,26.08,
PF,PF_NE2022,PF_NE2022,187,7/6/2022,2,0,,,0,,,25.46,
PF,PF_NE2022,PF_NE2022,187,7/6/2022,3,0,,,0,,,24.84,
PF,PF_NE2022,PF_NE2022,187,7/6/2022,4,0,,,0,,,24.44,
PF,PF_NE2022,PF_NE2022,187,7/6/2022,5,0,,,0,,,24.04,
PF,PF_NE2022,PF_NE2022,187,7/6/2022,6,0.293616,,,0,,,23.63,
PF,PF_NE2022,PF_NE2022,187,7/6/2022,7,0.7784064,,,0,,,26.26,
PF,PF_NE2022,PF_NE2022,187,7/6/2022,8,1.256796,,,0,,,28.89,
PF,PF_NE2022,PF_NE2022,187,7/6/2022,9,1.8208332,,,0,,,31.51,
PF,PF_NE2022,PF_NE2022,187,7/6/2022,10,2.3753448,,,0,,,33.51,
PF,PF_NE2022,PF_NE2022,187,7/6/2022,11,2.8008288,,,0,,,35.5,
PF,PF_NE2022,PF_NE2022,187,7/6/2022,12,3.0144348,,,0,,,37.49,
PF,PF_NE2022,PF_NE2022,187,7/6/2022,13,3.0624012,,,0,,,37.98,
PF,PF_NE2022,PF_NE2022,187,7/6/2022,14,3.0022776,,,0,,,38.47,
PF,PF_NE2022,PF_NE2022,187,7/6/2022,15,2.7720504,,,0,,,38.96,
PF,PF_NE2022,PF_NE2022,187,7/6/2022,16,2.2864608,,,0,,,38.5,
PF,PF_NE2022,PF_NE2022,187,7/6/2022,17,1.7000028,,,0,,,38.04,
PF,PF_NE2022,PF_NE2022,187,7/6/2022,18,0.9767232,,,0,,,31.57,
PF,PF_NE2022,PF_NE2022,187,7/6/2022,19,0.5353344,,,0,,,29.13,
PF,PF_NE2022,PF_NE2022,187,7/6/2022,20,0.0995616,,,0,,,26.69,
PF,PF_NE2022,PF_NE2022,187,7/6/2022,21,0,,,0,,,24.25,
PF,PF_NE2022,PF_NE2022,187,7/6/2022,22,0,,,0,,,23.82,
PF,PF_NE2022,PF_NE2022,187,7/6/2022,23,0,,,0,,,23.4,
PF,PF_NE2022,PF_NE2022,188,7/7/2022,0,0,,,0,,,22.97,
PF,PF_NE2022,PF_NE2022,188,7/7/2022,1,0,,,0,,,22.43,
PF,PF_NE2022,PF_NE2022,188,7/7/2022,2,0,,,0,,,21.9,
PF,PF_NE2022,PF_NE2022,188,7/7/2022,3,0,,,0,,,21.36,
PF,PF_NE2022,PF_NE2022,188,7/7/2022,4,0,,,0,,,21.5,
PF,PF_NE2022,PF_NE2022,188,7/7/2022,5,0,,,0,,,21.65,
PF,PF_NE2022,PF_NE2022,188,7/7/2022,6,0.24768,,,0,,,21.79,
PF,PF_NE2022,PF_NE2022,188,7/7/2022,7,0.6697728,,,0,,,22.96,
PF,PF_NE2022,PF_NE2022,188,7/7/2022,8,1.0865052,,,0,,,24.13,
PF,PF_NE2022,PF_NE2022,188,7/7/2022,9,1.7597016,,,0,,,25.3,
PF,PF_NE2022,PF_NE2022,188,7/7/2022,10,2.298312,,,0,,,26.7,
PF,PF_NE2022,PF_NE2022,188,7/7/2022,11,2.7119772,,,0,,,28.09,
PF,PF_NE2022,PF_NE2022,188,7/7/2022,12,1.9902096,,,0,,,29.49,
PF,PF_NE2022,PF_NE2022,188,7/7/2022,13,2.022498,,,0,,,29.38,
PF,PF_NE2022,PF_NE2022,188,7/7/2022,14,1.983276,,,0,,,29.27,
PF,PF_NE2022,PF_NE2022,188,7/7/2022,15,2.8048176,,,0,,,29.16,
PF,PF_NE2022,PF_NE2022,188,7/7/2022,16,2.3133564,,,0,,,29.29,
PF,PF_NE2022,PF_NE2022,188,7/7/2022,17,1.7194824,,,0,,,29.42,
PF,PF_NE2022,PF_NE2022,188,7/7/2022,18,1.159776,,,0,,,29.54,
PF,PF_NE2022,PF_NE2022,188,7/7/2022,19,0.6346368,,,0,,,27.43,
PF,PF_NE2022,PF_NE2022,188,7/7/2022,20,0.1160928,,,0,,,25.31,
PF,PF_NE2022,PF_NE2022,188,7/7/2022,21,0,,,0,,,23.19,
PF,PF_NE2022,PF_NE2022,188,7/7/2022,22,0,,,0,,,22.57,
PF,PF_NE2022,PF_NE2022,188,7/7/2022,23,0,,,0,,,21.96,
PF,PF_NE2022,PF_NE2022,189,7/8/2022,0,0,,,0,,,21.34,
PF,PF_NE2022,PF_NE2022,189,7/8/2022,1,0,,,0,,,21.23,
PF,PF_NE2022,PF_NE2022,189,7/8/2022,2,0,,,0,,,21.11,
PF,PF_NE2022,PF_NE2022,189,7/8/2022,3,0,,,0,,,20.99,
PF,PF_NE2022,PF_NE2022,189,7/8/2022,4,0,,,0,,,20.61,
PF,PF_NE2022,PF_NE2022,189,7/8/2022,5,0,,,0,,,20.22,
PF,PF_NE2022,PF_NE2022,189,7/8/2022,6,0.2788128,,,0,,,19.83,
PF,PF_NE2022,PF_NE2022,189,7/8/2022,7,0.7622208,,,0,,,21.85,
PF,PF_NE2022,PF_NE2022,189,7/8/2022,8,1.239624,,,0,,,23.87,
PF,PF_NE2022,PF_NE2022,189,7/8/2022,9,1.8198252,,,0,,,25.89,
PF,PF_NE2022,PF_NE2022,189,7/8/2022,10,2.3783292,,,0,,,27.66,
PF,PF_NE2022,PF_NE2022,189,7/8/2022,11,2.8075248,,,0,,,29.42,
PF,PF_NE2022,PF_NE2022,189,7/8/2022,12,3.096522,,,0,,,31.19,
PF,PF_NE2022,PF_NE2022,189,7/8/2022,13,3.1473576,,,0,,,32.02,
PF,PF_NE2022,PF_NE2022,189,7/8/2022,14,3.0865932,,,0,,,32.86,
PF,PF_NE2022,PF_NE2022,189,7/8/2022,15,2.8095336,,,0,,,33.7,
PF,PF_NE2022,PF_NE2022,189,7/8/2022,16,2.3171004,,,0,,,33.5,
PF,PF_NE2022,PF_NE2022,189,7/8/2022,17,1.721934,,,0,,,33.3,
PF,PF_NE2022,PF_NE2022,189,7/8/2022,18,1.162368,,,0,,,33.09,
PF,PF_NE2022,PF_NE2022,189,7/8/2022,19,0.634896,,,0,,,30.53,
PF,PF_NE2022,PF_NE2022,189,7/8/2022,20,0.1139616,,,0,,,27.96,
PF,PF_NE2022,PF_NE2022,189,7/8/2022,21,0,,,0,,,25.39,
PF,PF_NE2022,PF_NE2022,189,7/8/2022,22,0,,,0,,,24.71,
PF,PF_NE2022,PF_NE2022,189,7/8/2022,23,0,,,0,,,24.03,
PF,PF_NE2022,PF_NE2022,190,7/9/2022,0,0,,,0,,,23.34,
PF,PF_NE2022,PF_NE2022,190,7/9/2022,1,0,,,0,,,22.68,
PF,PF_NE2022,PF_NE2022,190,7/9/2022,2,0,,,0,,,22.03,
PF,PF_NE2022,PF_NE2022,190,7/9/2022,3,0,,,0,,,21.37,
PF,PF_NE2022,PF_NE2022,190,7/9/2022,4,0,,,0,,,21,
PF,PF_NE2022,PF_NE2022,190,7/9/2022,5,0,,,0,,,20.62,
PF,PF_NE2022,PF_NE2022,190,7/9/2022,6,0.274464,,,0,,,20.25,
PF,PF_NE2022,PF_NE2022,190,7/9/2022,7,0.7589952,,,0,,,22.74,
PF,PF_NE2022,PF_NE2022,190,7/9/2022,8,1.2375108,,,0,,,25.22,
PF,PF_NE2022,PF_NE2022,190,7/9/2022,9,1.81809,,,0,,,27.71,
PF,PF_NE2022,PF_NE2022,190,7/9/2022,10,2.3775876,,,0,,,29.97,
PF,PF_NE2022,PF_NE2022,190,7/9/2022,11,2.80764,,,0,,,32.24,
PF,PF_NE2022,PF_NE2022,190,7/9/2022,12,3.0916152,,,0,,,34.51,
PF,PF_NE2022,PF_NE2022,190,7/9/2022,13,3.1428972,,,0,,,35.42,
PF,PF_NE2022,PF_NE2022,190,7/9/2022,14,3.0825144,,,0,,,36.34,
PF,PF_NE2022,PF_NE2022,190,7/9/2022,15,2.8055016,,,0,,,37.25,
PF,PF_NE2022,PF_NE2022,190,7/9/2022,16,2.313612,,,0,,,37.13,
PF,PF_NE2022,PF_NE2022,190,7/9/2022,17,1.7189424,,,0,,,37.01,
PF,PF_NE2022,PF_NE2022,190,7/9/2022,18,1.1569536,,,0,,,36.89,
PF,PF_NE2022,PF_NE2022,190,7/9/2022,19,0.6306624,,,0,,,34.3,
PF,PF_NE2022,PF_NE2022,190,7/9/2022,20,0.1107936,,,0,,,31.71,
PF,PF_NE2022,PF_NE2022,190,7/9/2022,21,0,,,0,,,29.11,
PF,PF_NE2022,PF_NE2022,190,7/9/2022,22,0,,,0,,,28.18,
PF,PF_NE2022,PF_NE2022,190,7/9/2022,23,0,,,0,,,27.25,
PF,PF_NE2022,PF_NE2022,191,7/10/2022,0,0,,,0,,,26.32,
PF,PF_NE2022,PF_NE2022,191,7/10/2022,1,0,,,0,,,25.46,
PF,PF_NE2022,PF_NE2022,191,7/10/2022,2,0,,,0,,,24.6,
PF,PF_NE2022,PF_NE2022,191,7/10/2022,3,0,,,0,,,23.74,
PF,PF_NE2022,PF_NE2022,191,7/10/2022,4,0,,,0,,,23.19,
PF,PF_NE2022,PF_NE2022,191,7/10/2022,5,0,,,0,,,22.64,
PF,PF_NE2022,PF_NE2022,191,7/10/2022,6,0.2730816,,,0,,,22.09,
PF,PF_NE2022,PF_NE2022,191,7/10/2022,7,0.7644096,,,0,,,25.06,
PF,PF_NE2022,PF_NE2022,191,7/10/2022,8,1.2497508,,,0,,,28.03,
PF,PF_NE2022,PF_NE2022,191,7/10/2022,9,1.8353268,,,0,,,31,
PF,PF_NE2022,PF_NE2022,191,7/10/2022,10,2.4016464,,,0,,,33.62,
PF,PF_NE2022,PF_NE2022,191,7/10/2022,11,2.837286,,,0,,,36.25,
PF,PF_NE2022,PF_NE2022,191,7/10/2022,12,3.1188096,,,0,,,38.87,
PF,PF_NE2022,PF_NE2022,191,7/10/2022,13,3.1710168,,,0,,,39.63,
PF,PF_NE2022,PF_NE2022,191,7/10/2022,14,3.1103352,,,0,,,40.4,
PF,PF_NE2022,PF_NE2022,191,7/10/2022,15,2.829708,,,0,,,41.16,
PF,PF_NE2022,PF_NE2022,191,7/10/2022,16,2.3334156,,,0,,,40.9,
PF,PF_NE2022,PF_NE2022,191,7/10/2022,17,1.733166,,,0,,,40.64,
PF,PF_NE2022,PF_NE2022,191,7/10/2022,18,1.1612736,,,0,,,40.39,
PF,PF_NE2022,PF_NE2022,191,7/10/2022,19,0.6316128,,,0,,,38.22,
PF,PF_NE2022,PF_NE2022,191,7/10/2022,20,0.1083168,,,0,,,36.06,
PF,PF_NE2022,PF_NE2022,191,7/10/2022,21,0,,,0.9,,,33.89,
PF,PF_NE2022,PF_NE2022,191,7/10/2022,22,0,,,0,,,32.63,
PF,PF_NE2022,PF_NE2022,191,7/10/2022,23,0,,,0,,,31.36,
PF,PF_NE2022,PF_NE2022,192,7/11/2022,0,0,,,0,,,30.1,
PF,PF_NE2022,PF_NE2022,192,7/11/2022,1,0,,,0,,,29.19,
PF,PF_NE2022,PF_NE2022,192,7/11/2022,2,0,,,0,,,28.29,
PF,PF_NE2022,PF_NE2022,192,7/11/2022,3,0,,,0,,,27.39,
PF,PF_NE2022,PF_NE2022,192,7/11/2022,4,0,,,0,,,26.01,
PF,PF_NE2022,PF_NE2022,192,7/11/2022,5,0,,,0,,,24.64,
PF,PF_NE2022,PF_NE2022,192,7/11/2022,6,0.264816,,,0,,,23.26,
PF,PF_NE2022,PF_NE2022,192,7/11/2022,7,0.7509312,,,0,,,22.79,
PF,PF_NE2022,PF_NE2022,192,7/11/2022,8,1.2311892,,,0,,,22.32,
PF,PF_NE2022,PF_NE2022,192,7/11/2022,9,1.3480452,,,0,,,21.85,
PF,PF_NE2022,PF_NE2022,192,7/11/2022,10,1.7651952,,,0,,,22.77,
PF,PF_NE2022,PF_NE2022,192,7/11/2022,11,2.0862,,,0,,,23.68,
PF,PF_NE2022,PF_NE2022,192,7/11/2022,12,2.1872484,,,0,,,24.6,
PF,PF_NE2022,PF_NE2022,192,7/11/2022,13,2.224188,,,0,,,25.39,
PF,PF_NE2022,PF_NE2022,192,7/11/2022,14,2.1817836,,,0,,,26.19,
PF,PF_NE2022,PF_NE2022,192,7/11/2022,15,2.8429956,,,0,,,26.98,
PF,PF_NE2022,PF_NE2022,192,7/11/2022,16,2.3439996,,,0,,,27.2,
PF,PF_NE2022,PF_NE2022,192,7/11/2022,17,1.7404596,,,0,,,27.42,
PF,PF_NE2022,PF_NE2022,192,7/11/2022,18,1.168992,,,0,,,27.64,
PF,PF_NE2022,PF_NE2022,192,7/11/2022,19,0.6342336,,,0,,,25.56,
PF,PF_NE2022,PF_NE2022,192,7/11/2022,20,0.1058112,,,0,,,23.47,
PF,PF_NE2022,PF_NE2022,192,7/11/2022,21,0,,,0,,,21.39,
PF,PF_NE2022,PF_NE2022,192,7/11/2022,22,0,,,0,,,21.14,
PF,PF_NE2022,PF_NE2022,192,7/11/2022,23,0,,,0,,,20.89,
PF,PF_NE2022,PF_NE2022,193,7/12/2022,0,0,,,0,,,20.63,
PF,PF_NE2022,PF_NE2022,193,7/12/2022,1,0,,,0,,,20.03,
PF,PF_NE2022,PF_NE2022,193,7/12/2022,2,0,,,0,,,19.42,
PF,PF_NE2022,PF_NE2022,193,7/12/2022,3,0,,,0,,,18.82,
PF,PF_NE2022,PF_NE2022,193,7/12/2022,4,0,,,0,,,18.65,
PF,PF_NE2022,PF_NE2022,193,7/12/2022,5,0,,,0,,,18.49,
PF,PF_NE2022,PF_NE2022,193,7/12/2022,6,0.2625984,,,0,,,18.32,
PF,PF_NE2022,PF_NE2022,193,7/12/2022,7,0.7547904,,,0,,,20.47,
PF,PF_NE2022,PF_NE2022,193,7/12/2022,8,1.2411576,,,0,,,22.62,
PF,PF_NE2022,PF_NE2022,193,7/12/2022,9,1.8245304,,,0,,,24.77,
PF,PF_NE2022,PF_NE2022,193,7/12/2022,10,2.3906844,,,0,,,26.45,
PF,PF_NE2022,PF_NE2022,193,7/12/2022,11,2.8266408,,,0,,,28.13,
PF,PF_NE2022,PF_NE2022,193,7/12/2022,12,3.1180428,,,0,,,29.8,
PF,PF_NE2022,PF_NE2022,193,7/12/2022,13,3.1711284,,,0,,,30.98,
PF,PF_NE2022,PF_NE2022,193,7/12/2022,14,3.1108968,,,0,,,32.16,
PF,PF_NE2022,PF_NE2022,193,7/12/2022,15,2.8360728,,,0,,,33.34,
PF,PF_NE2022,PF_NE2022,193,7/12/2022,16,2.3379228,,,0,,,33.22,
PF,PF_NE2022,PF_NE2022,193,7/12/2022,17,1.7353512,,,0,,,33.11,
PF,PF_NE2022,PF_NE2022,193,7/12/2022,18,1.1483712,,,0,,,32.99,
PF,PF_NE2022,PF_NE2022,193,7/12/2022,19,0.62136,,,0,,,30.38,
PF,PF_NE2022,PF_NE2022,193,7/12/2022,20,0.1005408,,,0,,,27.77,
PF,PF_NE2022,PF_NE2022,193,7/12/2022,21,0,,,0,,,25.17,
PF,PF_NE2022,PF_NE2022,193,7/12/2022,22,0,,,0,,,24.43,
PF,PF_NE2022,PF_NE2022,193,7/12/2022,23,0,,,0,,,23.68,
PF,PF_NE2022,PF_NE2022,194,7/13/2022,0,0,,,0,,,22.94,
PF,PF_NE2022,PF_NE2022,194,7/13/2022,1,0,,,0,,,22.11,
PF,PF_NE2022,PF_NE2022,194,7/13/2022,2,0,,,0,,,21.28,
PF,PF_NE2022,PF_NE2022,194,7/13/2022,3,0,,,0,,,20.45,
PF,PF_NE2022,PF_NE2022,194,7/13/2022,4,0,,,0,,,20.21,
PF,PF_NE2022,PF_NE2022,194,7/13/2022,5,0,,,0,,,19.96,
PF,PF_NE2022,PF_NE2022,194,7/13/2022,6,0.2579904,,,0,,,19.72,
PF,PF_NE2022,PF_NE2022,194,7/13/2022,7,0.7523136,,,0,,,22.58,
PF,PF_NE2022,PF_NE2022,194,7/13/2022,8,1.2408228,,,0,,,25.44,
PF,PF_NE2022,PF_NE2022,194,7/13/2022,9,1.826046,,,0,,,28.3,
PF,PF_NE2022,PF_NE2022,194,7/13/2022,10,2.394414,,,0,,,30.81,
PF,PF_NE2022,PF_NE2022,194,7/13/2022,11,2.8322064,,,0,,,33.32,
PF,PF_NE2022,PF_NE2022,194,7/13/2022,12,3.116196,,,0,,,35.83,
PF,PF_NE2022,PF_NE2022,194,7/13/2022,13,3.1697856,,,0,,,36.75,
PF,PF_NE2022,PF_NE2022,194,7/13/2022,14,3.10977,,,0,,,37.68,
PF,PF_NE2022,PF_NE2022,194,7/13/2022,15,2.820762,,,0,,,38.6,
PF,PF_NE2022,PF_NE2022,194,7/13/2022,16,2.3249088,,,0,,,38.25,
PF,PF_NE2022,PF_NE2022,194,7/13/2022,17,1.7250228,,,0,,,37.89,
PF,PF_NE2022,PF_NE2022,194,7/13/2022,18,1.1437056,,,0,,,37.54,
PF,PF_NE2022,PF_NE2022,194,7/13/2022,19,0.61704,,,0,,,34.84,
PF,PF_NE2022,PF_NE2022,194,7/13/2022,20,0.0964512,,,0,,,32.14,
PF,PF_NE2022,PF_NE2022,194,7/13/2022,21,0,,,0,,,29.45,
PF,PF_NE2022,PF_NE2022,194,7/13/2022,22,0,,,0,,,28.43,
PF,PF_NE2022,PF_NE2022,194,7/13/2022,23,0,,,0,,,27.41,
PF,PF_NE2022,PF_NE2022,195,7/14/2022,0,0,,,0,,,26.39,
PF,PF_NE2022,PF_NE2022,195,7/14/2022,1,0,,,0,,,25.49,
PF,PF_NE2022,PF_NE2022,195,7/14/2022,2,0,,,0,,,24.6,
PF,PF_NE2022,PF_NE2022,195,7/14/2022,3,0,,,0,,,23.71,
PF,PF_NE2022,PF_NE2022,195,7/14/2022,4,0,,,0,,,23.25,
PF,PF_NE2022,PF_NE2022,195,7/14/2022,5,0,,,0,,,22.79,
PF,PF_NE2022,PF_NE2022,195,7/14/2022,6,0.2509344,,,0,,,22.33,
PF,PF_NE2022,PF_NE2022,195,7/14/2022,7,0.7429824,,,0,,,25.6,
PF,PF_NE2022,PF_NE2022,195,7/14/2022,8,1.2293064,,,0,,,28.87,
PF,PF_NE2022,PF_NE2022,195,7/14/2022,9,1.8146592,,,0,,,32.14,
PF,PF_NE2022,PF_NE2022,195,7/14/2022,10,2.3811804,,,0,,,34.47,
PF,PF_NE2022,PF_NE2022,195,7/14/2022,11,2.8177596,,,0,,,36.8,
PF,PF_NE2022,PF_NE2022,195,7/14/2022,12,3.1083084,,,0,,,39.14,
PF,PF_NE2022,PF_NE2022,195,7/14/2022,13,3.1622184,,,0,,,39.75,
PF,PF_NE2022,PF_NE2022,195,7/14/2022,14,3.1024764,,,0,,,40.36,
PF,PF_NE2022,PF_NE2022,195,7/14/2022,15,2.7138888,,,0,,,40.97,
PF,PF_NE2022,PF_NE2022,195,7/14/2022,16,2.2364028,,,0,,,40.56,
PF,PF_NE2022,PF_NE2022,195,7/14/2022,17,1.658646,,,0,,,40.15,
PF,PF_NE2022,PF_NE2022,195,7/14/2022,18,1.1432448,,,0,,,39.75,
PF,PF_NE2022,PF_NE2022,195,7/14/2022,19,0.6148512,,,0,,,37.73,
PF,PF_NE2022,PF_NE2022,195,7/14/2022,20,0.092448,,,0,,,35.71,
PF,PF_NE2022,PF_NE2022,195,7/14/2022,21,0,,,0,,,33.69,
PF,PF_NE2022,PF_NE2022,195,7/14/2022,22,0,,,0,,,32,
PF,PF_NE2022,PF_NE2022,195,7/14/2022,23,0,,,0,,,30.31,
PF,PF_NE2022,PF_NE2022,196,7/15/2022,0,0,,,0,,,28.61,
PF,PF_NE2022,PF_NE2022,196,7/15/2022,1,0,,,0,,,27.56,
PF,PF_NE2022,PF_NE2022,196,7/15/2022,2,0,,,0,,,26.51,
PF,PF_NE2022,PF_NE2022,196,7/15/2022,3,0,,,0,,,25.45,
PF,PF_NE2022,PF_NE2022,196,7/15/2022,4,0,,,0,,,24.73,
PF,PF_NE2022,PF_NE2022,196,7/15/2022,5,0,,,0,,,24.01,
PF,PF_NE2022,PF_NE2022,196,7/15/2022,6,0.2428992,,,0,,,23.29,
PF,PF_NE2022,PF_NE2022,196,7/15/2022,7,0.7307712,,,0,,,26.38,
PF,PF_NE2022,PF_NE2022,196,7/15/2022,8,1.213074,,,0,,,29.47,
PF,PF_NE2022,PF_NE2022,196,7/15/2022,9,1.8069408,,,0,,,32.56,
PF,PF_NE2022,PF_NE2022,196,7/15/2022,10,2.3727132,,,0,,,34.25,
PF,PF_NE2022,PF_NE2022,196,7/15/2022,11,2.808972,,,0,,,35.93,
PF,PF_NE2022,PF_NE2022,196,7/15/2022,12,3.0603564,,,0,,,37.61,
PF,PF_NE2022,PF_NE2022,196,7/15/2022,13,3.1138992,,,0,,,38.09,
PF,PF_NE2022,PF_NE2022,196,7/15/2022,14,3.0552192,,,0,,,38.57,
PF,PF_NE2022,PF_NE2022,196,7/15/2022,15,2.6600904,,,0,,,39.04,
PF,PF_NE2022,PF_NE2022,196,7/15/2022,16,2.1915756,,,0,,,38.73,
PF,PF_NE2022,PF_NE2022,196,7/15/2022,17,1.6245972,,,0,,,38.43,
PF,PF_NE2022,PF_NE2022,196,7/15/2022,18,1.088064,,,0,,,38.12,
PF,PF_NE2022,PF_NE2022,196,7/15/2022,19,0.5831712,,,0,,,35.4,
PF,PF_NE2022,PF_NE2022,196,7/15/2022,20,0.083952,,,0,,,32.69,
PF,PF_NE2022,PF_NE2022,196,7/15/2022,21,0,,,0,,,29.98,
PF,PF_NE2022,PF_NE2022,196,7/15/2022,22,0,,,0,,,29.29,
PF,PF_NE2022,PF_NE2022,196,7/15/2022,23,0,,,0,,,28.6,
PF,PF_NE2022,PF_NE2022,197,7/16/2022,0,0,,,0,,,27.9,
PF,PF_NE2022,PF_NE2022,197,7/16/2022,1,0,,,0.3,,,27.42,
PF,PF_NE2022,PF_NE2022,197,7/16/2022,2,0,,,0,,,26.93,
PF,PF_NE2022,PF_NE2022,197,7/16/2022,3,0,,,0,,,26.44,
PF,PF_NE2022,PF_NE2022,197,7/16/2022,4,0,,,0,,,26.14,
PF,PF_NE2022,PF_NE2022,197,7/16/2022,5,0,,,0,,,25.84,
PF,PF_NE2022,PF_NE2022,197,7/16/2022,6,0.182304,,,0,,,25.53,
PF,PF_NE2022,PF_NE2022,197,7/16/2022,7,0.557856,,,0,,,27.45,
PF,PF_NE2022,PF_NE2022,197,7/16/2022,8,0.9291708,,,0,,,29.36,
PF,PF_NE2022,PF_NE2022,197,7/16/2022,9,1.2574476,,,0,,,31.27,
PF,PF_NE2022,PF_NE2022,197,7/16/2022,10,1.6524072,,,0,,,32.6,
PF,PF_NE2022,PF_NE2022,197,7/16/2022,11,1.9570752,,,0,,,33.93,
PF,PF_NE2022,PF_NE2022,197,7/16/2022,12,2.807442,,,0,,,35.26,
PF,PF_NE2022,PF_NE2022,197,7/16/2022,13,2.8568916,,,0,,,36.23,
PF,PF_NE2022,PF_NE2022,197,7/16/2022,14,2.803086,,,0,,,37.2,
PF,PF_NE2022,PF_NE2022,197,7/16/2022,15,2.7481392,,,0,,,38.18,
PF,PF_NE2022,PF_NE2022,197,7/16/2022,16,2.26359,,,0,,,37.85,
PF,PF_NE2022,PF_NE2022,197,7/16/2022,17,1.6770924,,,0,,,37.52,
PF,PF_NE2022,PF_NE2022,197,7/16/2022,18,1.119744,,,0,,,37.19,
PF,PF_NE2022,PF_NE2022,197,7/16/2022,19,0.5979456,,,0,,,34.28,
PF,PF_NE2022,PF_NE2022,197,7/16/2022,20,0.0819648,,,0,,,31.38,
PF,PF_NE2022,PF_NE2022,197,7/16/2022,21,0,,,0,,,28.47,
PF,PF_NE2022,PF_NE2022,197,7/16/2022,22,0,,,0,,,26.93,
PF,PF_NE2022,PF_NE2022,197,7/16/2022,23,0,,,0,,,25.39,
PF,PF_NE2022,PF_NE2022,198,7/17/2022,0,0,,,0,,,23.84,
PF,PF_NE2022,PF_NE2022,198,7/17/2022,1,0,,,0,,,22.79,
PF,PF_NE2022,PF_NE2022,198,7/17/2022,2,0,,,0,,,21.74,
PF,PF_NE2022,PF_NE2022,198,7/17/2022,3,0,,,0,,,20.68,
PF,PF_NE2022,PF_NE2022,198,7/17/2022,4,0,,,0,,,20.2,
PF,PF_NE2022,PF_NE2022,198,7/17/2022,5,0,,,0,,,19.73,
PF,PF_NE2022,PF_NE2022,198,7/17/2022,6,0.232992,,,0,,,19.25,
PF,PF_NE2022,PF_NE2022,198,7/17/2022,7,0.7258752,,,0,,,22.42,
PF,PF_NE2022,PF_NE2022,198,7/17/2022,8,1.2132504,,,0,,,25.6,
PF,PF_NE2022,PF_NE2022,198,7/17/2022,9,1.8062244,,,0,,,28.77,
PF,PF_NE2022,PF_NE2022,198,7/17/2022,10,2.3753844,,,0,,,30.71,
PF,PF_NE2022,PF_NE2022,198,7/17/2022,11,2.814516,,,0,,,32.65,
PF,PF_NE2022,PF_NE2022,198,7/17/2022,12,3.1078728,,,0,,,34.59,
PF,PF_NE2022,PF_NE2022,198,7/17/2022,13,3.1630392,,,0,,,35.48,
PF,PF_NE2022,PF_NE2022,198,7/17/2022,14,3.1035924,,,0,,,36.37,
PF,PF_NE2022,PF_NE2022,198,7/17/2022,15,2.8213164,,,0,,,37.26,
PF,PF_NE2022,PF_NE2022,198,7/17/2022,16,2.3232204,,,0,,,36.94,
PF,PF_NE2022,PF_NE2022,198,7/17/2022,17,1.7203032,,,0,,,36.61,
PF,PF_NE2022,PF_NE2022,198,7/17/2022,18,1.1282688,,,0,,,36.28,
PF,PF_NE2022,PF_NE2022,198,7/17/2022,19,0.6001056,,,0,,,33.79,
PF,PF_NE2022,PF_NE2022,198,7/17/2022,20,0.0778176,,,0,,,31.3,
PF,PF_NE2022,PF_NE2022,198,7/17/2022,21,0,,,0,,,28.81,
PF,PF_NE2022,PF_NE2022,198,7/17/2022,22,0,,,0,,,27.62,
PF,PF_NE2022,PF_NE2022,198,7/17/2022,23,0,,,0,,,26.43,
PF,PF_NE2022,PF_NE2022,199,7/18/2022,0,0,,,0,,,25.24,
PF,PF_NE2022,PF_NE2022,199,7/18/2022,1,0,,,0,,,24.29,
PF,PF_NE2022,PF_NE2022,199,7/18/2022,2,0,,,0,,,23.34,
PF,PF_NE2022,PF_NE2022,199,7/18/2022,3,0,,,0,,,22.39,
PF,PF_NE2022,PF_NE2022,199,7/18/2022,4,0,,,0,,,21.8,
PF,PF_NE2022,PF_NE2022,199,7/18/2022,5,0,,,0,,,21.21,
PF,PF_NE2022,PF_NE2022,199,7/18/2022,6,0.2296512,,,0,,,20.62,
PF,PF_NE2022,PF_NE2022,199,7/18/2022,7,0.7291008,,,0,,,24.16,
PF,PF_NE2022,PF_NE2022,199,7/18/2022,8,1.2230388,,,0,,,27.7,
PF,PF_NE2022,PF_NE2022,199,7/18/2022,9,1.820106,,,0,,,31.25,
PF,PF_NE2022,PF_NE2022,199,7/18/2022,10,2.3954832,,,0,,,33.92,
PF,PF_NE2022,PF_NE2022,199,7/18/2022,11,2.839608,,,0,,,36.6,
PF,PF_NE2022,PF_NE2022,199,7/18/2022,12,3.1287888,,,0,,,39.28,
PF,PF_NE2022,PF_NE2022,199,7/18/2022,13,3.184758,,,0,,,40.06,
PF,PF_NE2022,PF_NE2022,199,7/18/2022,14,3.1249224,,,0,,,40.84,
PF,PF_NE2022,PF_NE2022,199,7/18/2022,15,2.8298952,,,0,,,41.62,
PF,PF_NE2022,PF_NE2022,199,7/18/2022,16,2.329614,,,0,,,40.93,
PF,PF_NE2022,PF_NE2022,199,7/18/2022,17,1.7239896,,,0,,,40.24,
PF,PF_NE2022,PF_NE2022,199,7/18/2022,18,1.1174976,,,0,,,39.55,
PF,PF_NE2022,PF_NE2022,199,7/18/2022,19,0.5918976,,,0,,,36.95,
PF,PF_NE2022,PF_NE2022,199,7/18/2022,20,0.0720288,,,0,,,34.34,
PF,PF_NE2022,PF_NE2022,199,7/18/2022,21,0,,,0,,,31.73,
PF,PF_NE2022,PF_NE2022,199,7/18/2022,22,0,,,0,,,30.52,
PF,PF_NE2022,PF_NE2022,199,7/18/2022,23,0,,,0,,,29.31,
PF,PF_NE2022,PF_NE2022,200,7/19/2022,0,0,,,0,,,28.1,
PF,PF_NE2022,PF_NE2022,200,7/19/2022,1,0,,,0,,,27.08,
PF,PF_NE2022,PF_NE2022,200,7/19/2022,2,0,,,0,,,26.07,
PF,PF_NE2022,PF_NE2022,200,7/19/2022,3,0,,,0,,,25.05,
PF,PF_NE2022,PF_NE2022,200,7/19/2022,4,0,,,0,,,24.41,
PF,PF_NE2022,PF_NE2022,200,7/19/2022,5,0,,,0,,,23.77,
PF,PF_NE2022,PF_NE2022,200,7/19/2022,6,0.2211552,,,0,,,23.13,
PF,PF_NE2022,PF_NE2022,200,7/19/2022,7,0.7163136,,,0,,,27.14,
PF,PF_NE2022,PF_NE2022,200,7/19/2022,8,1.2060936,,,0,,,31.16,
PF,PF_NE2022,PF_NE2022,200,7/19/2022,9,1.8185472,,,0,,,35.17,
PF,PF_NE2022,PF_NE2022,200,7/19/2022,10,2.3952456,,,0,,,36.73,
PF,PF_NE2022,PF_NE2022,200,7/19/2022,11,2.8406592,,,0,,,38.29,
PF,PF_NE2022,PF_NE2022,200,7/19/2022,12,3.1583268,,,0,,,39.86,
PF,PF_NE2022,PF_NE2022,200,7/19/2022,13,3.215178,,,0,,,39.99,
PF,PF_NE2022,PF_NE2022,200,7/19/2022,14,3.1547412,,,0,,,40.13,
PF,PF_NE2022,PF_NE2022,200,7/19/2022,15,2.8848852,,,0,,,40.27,
PF,PF_NE2022,PF_NE2022,200,7/19/2022,16,2.3741496,,,0,,,39.87,
PF,PF_NE2022,PF_NE2022,200,7/19/2022,17,1.7557956,,,0,,,39.47,
PF,PF_NE2022,PF_NE2022,200,7/19/2022,18,1.194336,,,0,,,39.07,
PF,PF_NE2022,PF_NE2022,200,7/19/2022,19,0.6297696,,,0,,,35.04,
PF,PF_NE2022,PF_NE2022,200,7/19/2022,20,0.0713088,,,0,,,31.01,
PF,PF_NE2022,PF_NE2022,200,7/19/2022,21,0,,,0,,,26.98,
PF,PF_NE2022,PF_NE2022,200,7/19/2022,22,0,,,0,,,25.39,
PF,PF_NE2022,PF_NE2022,200,7/19/2022,23,0,,,0,,,23.79,
PF,PF_NE2022,PF_NE2022,201,7/20/2022,0,0,,,0,,,22.19,
PF,PF_NE2022,PF_NE2022,201,7/20/2022,1,0,,,0,,,21.67,
PF,PF_NE2022,PF_NE2022,201,7/20/2022,2,0,,,0,,,21.14,
PF,PF_NE2022,PF_NE2022,201,7/20/2022,3,0,,,0,,,20.62,
PF,PF_NE2022,PF_NE2022,201,7/20/2022,4,0,,,0,,,20.08,
PF,PF_NE2022,PF_NE2022,201,7/20/2022,5,0,,,0,,,19.55,
PF,PF_NE2022,PF_NE2022,201,7/20/2022,6,0.2181888,,,0,,,19.02,
PF,PF_NE2022,PF_NE2022,201,7/20/2022,7,0.7218432,,,0,,,22.23,
PF,PF_NE2022,PF_NE2022,201,7/20/2022,8,1.220076,,,0,,,25.44,
PF,PF_NE2022,PF_NE2022,201,7/20/2022,9,1.815912,,,0,,,28.65,
PF,PF_NE2022,PF_NE2022,201,7/20/2022,10,2.3937984,,,0,,,30.85,
PF,PF_NE2022,PF_NE2022,201,7/20/2022,11,2.8401876,,,0,,,33.05,
PF,PF_NE2022,PF_NE2022,201,7/20/2022,12,3.1326084,,,0,,,35.25,
PF,PF_NE2022,PF_NE2022,201,7/20/2022,13,3.1893984,,,0,,,36.36,
PF,PF_NE2022,PF_NE2022,201,7/20/2022,14,3.129372,,,0,,,37.48,
PF,PF_NE2022,PF_NE2022,201,7/20/2022,15,2.8409652,,,0,,,38.59,
PF,PF_NE2022,PF_NE2022,201,7/20/2022,16,2.3372424,,,0,,,38.35,
PF,PF_NE2022,PF_NE2022,201,7/20/2022,17,1.72728,,,0,,,38.11,
PF,PF_NE2022,PF_NE2022,201,7/20/2022,18,1.1352384,,,0,,,37.86,
PF,PF_NE2022,PF_NE2022,201,7/20/2022,19,0.5957568,,,0,,,35.24,
PF,PF_NE2022,PF_NE2022,201,7/20/2022,20,0.062064,,,0,,,32.62,
PF,PF_NE2022,PF_NE2022,201,7/20/2022,21,0,,,0,,,29.99,
PF,PF_NE2022,PF_NE2022,201,7/20/2022,22,0,,,0,,,29,
PF,PF_NE2022,PF_NE2022,201,7/20/2022,23,0,,,0,,,28,
PF,PF_NE2022,PF_NE2022,202,7/21/2022,0,0,,,0,,,27.01,
PF,PF_NE2022,PF_NE2022,202,7/21/2022,1,0,,,0,,,25.93,
PF,PF_NE2022,PF_NE2022,202,7/21/2022,2,0,,,0,,,24.85,
PF,PF_NE2022,PF_NE2022,202,7/21/2022,3,0,,,0,,,23.76,
PF,PF_NE2022,PF_NE2022,202,7/21/2022,4,0,,,0,,,23.21,
PF,PF_NE2022,PF_NE2022,202,7/21/2022,5,0,,,0,,,22.65,
PF,PF_NE2022,PF_NE2022,202,7/21/2022,6,0.2094336,,,0,,,22.09,
PF,PF_NE2022,PF_NE2022,202,7/21/2022,7,0.7085952,,,0,,,25.24,
PF,PF_NE2022,PF_NE2022,202,7/21/2022,8,1.202328,,,0,,,28.38,
PF,PF_NE2022,PF_NE2022,202,7/21/2022,9,1.796706,,,0,,,31.52,
PF,PF_NE2022,PF_NE2022,202,7/21/2022,10,2.3703984,,,0,,,33.82,
PF,PF_NE2022,PF_NE2022,202,7/21/2022,11,2.8136304,,,0,,,36.11,
PF,PF_NE2022,PF_NE2022,202,7/21/2022,12,3.101202,,,0,,,38.41,
PF,PF_NE2022,PF_NE2022,202,7/21/2022,13,3.1577148,,,0,,,39.18,
PF,PF_NE2022,PF_NE2022,202,7/21/2022,14,3.0982428,,,0,,,39.95,
PF,PF_NE2022,PF_NE2022,202,7/21/2022,15,2.8057464,,,0,,,40.72,
PF,PF_NE2022,PF_NE2022,202,7/21/2022,16,2.307366,,,0,,,40.17,
PF,PF_NE2022,PF_NE2022,202,7/21/2022,17,1.7039484,,,0,,,39.62,
PF,PF_NE2022,PF_NE2022,202,7/21/2022,18,0.8472384,,,0,,,39.07,
PF,PF_NE2022,PF_NE2022,202,7/21/2022,19,0.442368,,,0,,,36.05,
PF,PF_NE2022,PF_NE2022,202,7/21/2022,20,0.0418176,,,0.5,,,33.02,
PF,PF_NE2022,PF_NE2022,202,7/21/2022,21,0,,,0,,,30,
PF,PF_NE2022,PF_NE2022,202,7/21/2022,22,0,,,0,,,28.69,
PF,PF_NE2022,PF_NE2022,202,7/21/2022,23,0,,,0,,,27.38,
PF,PF_NE2022,PF_NE2022,203,7/22/2022,0,0,,,0,,,26.07,
PF,PF_NE2022,PF_NE2022,203,7/22/2022,1,0,,,0,,,25.09,
PF,PF_NE2022,PF_NE2022,203,7/22/2022,2,0,,,0,,,24.11,
PF,PF_NE2022,PF_NE2022,203,7/22/2022,3,0,,,0,,,23.13,
PF,PF_NE2022,PF_NE2022,203,7/22/2022,4,0,,,0,,,22.65,
PF,PF_NE2022,PF_NE2022,203,7/22/2022,5,0,,,0,,,22.18,
PF,PF_NE2022,PF_NE2022,203,7/22/2022,6,0.1983744,,,0,,,21.7,
PF,PF_NE2022,PF_NE2022,203,7/22/2022,7,0.6872832,,,0,,,23.68,
PF,PF_NE2022,PF_NE2022,203,7/22/2022,8,1.1710044,,,0,,,25.66,
PF,PF_NE2022,PF_NE2022,203,7/22/2022,9,1.7694468,,,0,,,27.63,
PF,PF_NE2022,PF_NE2022,203,7/22/2022,10,2.3363532,,,0,,,29.89,
PF,PF_NE2022,PF_NE2022,203,7/22/2022,11,2.7745668,,,0,,,32.14,
PF,PF_NE2022,PF_NE2022,203,7/22/2022,12,3.079044,,,0,,,34.4,
PF,PF_NE2022,PF_NE2022,203,7/22/2022,13,3.1354956,,,0,,,35.15,
PF,PF_NE2022,PF_NE2022,203,7/22/2022,14,3.0763476,,,0,,,35.91,
PF,PF_NE2022,PF_NE2022,203,7/22/2022,15,2.8021356,,,0,,,36.67,
PF,PF_NE2022,PF_NE2022,203,7/22/2022,16,2.3034816,,,0,,,36.47,
PF,PF_NE2022,PF_NE2022,203,7/22/2022,17,1.6997436,,,0,,,36.27,
PF,PF_NE2022,PF_NE2022,203,7/22/2022,18,1.0798272,,,0,,,36.08,
PF,PF_NE2022,PF_NE2022,203,7/22/2022,19,0.5607648,,,0,,,33.89,
PF,PF_NE2022,PF_NE2022,203,7/22/2022,20,0.047232,,,0,,,31.7,
PF,PF_NE2022,PF_NE2022,203,7/22/2022,21,0,,,0,,,29.51,
PF,PF_NE2022,PF_NE2022,203,7/22/2022,22,0,,,0,,,28.85,
PF,PF_NE2022,PF_NE2022,203,7/22/2022,23,0,,,0,,,28.19,
PF,PF_NE2022,PF_NE2022,204,7/23/2022,0,0,,,0,,,27.53,
PF,PF_NE2022,PF_NE2022,204,7/23/2022,1,0,,,0,,,26.79,
PF,PF_NE2022,PF_NE2022,204,7/23/2022,2,0,,,0,,,26.06,
PF,PF_NE2022,PF_NE2022,204,7/23/2022,3,0,,,0,,,25.32,
PF,PF_NE2022,PF_NE2022,204,7/23/2022,4,0,,,0,,,24.73,
PF,PF_NE2022,PF_NE2022,204,7/23/2022,5,0,,,0,,,24.13,
PF,PF_NE2022,PF_NE2022,204,7/23/2022,6,0.1924704,,,0,,,23.53,
PF,PF_NE2022,PF_NE2022,204,7/23/2022,7,0.6837696,,,0,,,26,
PF,PF_NE2022,PF_NE2022,204,7/23/2022,8,1.169856,,,0,,,28.46,
PF,PF_NE2022,PF_NE2022,204,7/23/2022,9,1.7652924,,,0,,,30.93,
PF,PF_NE2022,PF_NE2022,204,7/23/2022,10,2.332764,,,0,,,33.14,
PF,PF_NE2022,PF_NE2022,204,7/23/2022,11,2.7715968,,,0,,,35.36,
PF,PF_NE2022,PF_NE2022,204,7/23/2022,12,3.0604212,,,0,,,37.57,
PF,PF_NE2022,PF_NE2022,204,7/23/2022,13,3.116844,,,0,,,38.44,
PF,PF_NE2022,PF_NE2022,204,7/23/2022,14,3.0578976,,,0,,,39.3,
PF,PF_NE2022,PF_NE2022,204,7/23/2022,15,2.6096148,,,0,,,40.17,
PF,PF_NE2022,PF_NE2022,204,7/23/2022,16,2.1443328,,,0,,,39.4,
PF,PF_NE2022,PF_NE2022,204,7/23/2022,17,1.580994,,,0,,,38.64,
PF,PF_NE2022,PF_NE2022,204,7/23/2022,18,1.0848384,,,0,,,37.87,
PF,PF_NE2022,PF_NE2022,204,7/23/2022,19,0.5601888,,,0,,,34.56,
PF,PF_NE2022,PF_NE2022,204,7/23/2022,20,0.04104,,,0,,,31.24,
PF,PF_NE2022,PF_NE2022,204,7/23/2022,21,0,,,0,,,27.93,
PF,PF_NE2022,PF_NE2022,204,7/23/2022,22,0,,,0,,,26.6,
PF,PF_NE2022,PF_NE2022,204,7/23/2022,23,0,,,0,,,25.27,
PF,PF_NE2022,PF_NE2022,205,7/24/2022,0,0,,,0,,,23.94,
PF,PF_NE2022,PF_NE2022,205,7/24/2022,1,0,,,0,,,23.04,
PF,PF_NE2022,PF_NE2022,205,7/24/2022,2,0,,,0,,,22.13,
PF,PF_NE2022,PF_NE2022,205,7/24/2022,3,0,,,0,,,21.22,
PF,PF_NE2022,PF_NE2022,205,7/24/2022,4,0,,,0,,,20.45,
PF,PF_NE2022,PF_NE2022,205,7/24/2022,5,0,,,0,,,19.67,
PF,PF_NE2022,PF_NE2022,205,7/24/2022,6,0.1877184,,,0,,,18.89,
PF,PF_NE2022,PF_NE2022,205,7/24/2022,7,0.6849792,,,0,,,20.77,
PF,PF_NE2022,PF_NE2022,205,7/24/2022,8,1.1770344,,,0,,,22.65,
PF,PF_NE2022,PF_NE2022,205,7/24/2022,9,1.7487036,,,0,,,24.53,
PF,PF_NE2022,PF_NE2022,205,7/24/2022,10,2.3128596,,,0,,,26.21,
PF,PF_NE2022,PF_NE2022,205,7/24/2022,11,2.749176,,,0,,,27.89,
PF,PF_NE2022,PF_NE2022,205,7/24/2022,12,2.968884,,,0,,,29.58,
PF,PF_NE2022,PF_NE2022,205,7/24/2022,13,3.0239244,,,0,,,30.48,
PF,PF_NE2022,PF_NE2022,205,7/24/2022,14,2.9666196,,,0,,,31.39,
PF,PF_NE2022,PF_NE2022,205,7/24/2022,15,2.540664,,,0,,,32.3,
PF,PF_NE2022,PF_NE2022,205,7/24/2022,16,2.086722,,,0,,,32.06,
PF,PF_NE2022,PF_NE2022,205,7/24/2022,17,1.5371892,,,0,,,31.82,
PF,PF_NE2022,PF_NE2022,205,7/24/2022,18,1.0385856,,,0,,,31.59,
PF,PF_NE2022,PF_NE2022,205,7/24/2022,19,0.5330592,,,0,,,29.25,
PF,PF_NE2022,PF_NE2022,205,7/24/2022,20,0.032832,,,0,,,26.92,
PF,PF_NE2022,PF_NE2022,205,7/24/2022,21,0,,,0,,,24.59,
PF,PF_NE2022,PF_NE2022,205,7/24/2022,22,0,,,0.8,,,23.93,
PF,PF_NE2022,PF_NE2022,205,7/24/2022,23,0,,,0,,,23.27,
PF,PF_NE2022,PF_NE2022,206,7/25/2022,0,0,,,0,,,22.61,
PF,PF_NE2022,PF_NE2022,206,7/25/2022,1,0,,,0,,,22.5,
PF,PF_NE2022,PF_NE2022,206,7/25/2022,2,0,,,0,,,22.4,
PF,PF_NE2022,PF_NE2022,206,7/25/2022,3,0,,,0,,,22.29,
PF,PF_NE2022,PF_NE2022,206,7/25/2022,4,0,,,3.2,,,21.76,
PF,PF_NE2022,PF_NE2022,206,7/25/2022,5,0,,,0,,,21.23,
PF,PF_NE2022,PF_NE2022,206,7/25/2022,6,0.1158624,,,0,,,20.7,
PF,PF_NE2022,PF_NE2022,206,7/25/2022,7,0.43488,,,0,,,20.62,
PF,PF_NE2022,PF_NE2022,206,7/25/2022,8,0.7505892,,,0,,,20.53,
PF,PF_NE2022,PF_NE2022,206,7/25/2022,9,0.8934516,,,0,,,20.44,
PF,PF_NE2022,PF_NE2022,206,7/25/2022,10,1.1826612,,,0,,,21.41,
PF,PF_NE2022,PF_NE2022,206,7/25/2022,11,1.4064516,,,0,,,22.37,
PF,PF_NE2022,PF_NE2022,206,7/25/2022,12,2.9653632,,,0,,,23.34,
PF,PF_NE2022,PF_NE2022,206,7/25/2022,13,3.0204648,,,0,,,25.07,
PF,PF_NE2022,PF_NE2022,206,7/25/2022,14,2.9630628,,,0,,,26.8,
PF,PF_NE2022,PF_NE2022,206,7/25/2022,15,2.7594,,,0,,,28.54,
PF,PF_NE2022,PF_NE2022,206,7/25/2022,16,2.2652928,,,0,,,28.21,
PF,PF_NE2022,PF_NE2022,206,7/25/2022,17,1.6671708,,,0,,,27.88,
PF,PF_NE2022,PF_NE2022,206,7/25/2022,18,0.9524736,,,0,,,27.55,
PF,PF_NE2022,PF_NE2022,206,7/25/2022,19,0.4857408,,,0,,,25.57,
PF,PF_NE2022,PF_NE2022,206,7/25/2022,20,0.023904,,,0,,,23.6,
PF,PF_NE2022,PF_NE2022,206,7/25/2022,21,0,,,0,,,21.62,
PF,PF_NE2022,PF_NE2022,206,7/25/2022,22,0,,,0,,,20.66,
PF,PF_NE2022,PF_NE2022,206,7/25/2022,23,0,,,0,,,19.7,
PF,PF_NE2022,PF_NE2022,207,7/26/2022,0,0,,,0,,,18.74,
PF,PF_NE2022,PF_NE2022,207,7/26/2022,1,0,,,0,,,18.03,
PF,PF_NE2022,PF_NE2022,207,7/26/2022,2,0,,,0,,,17.32,
PF,PF_NE2022,PF_NE2022,207,7/26/2022,3,0,,,0,,,16.61,
PF,PF_NE2022,PF_NE2022,207,7/26/2022,4,0,,,0,,,16.46,
PF,PF_NE2022,PF_NE2022,207,7/26/2022,5,0,,,0,,,16.31,
PF,PF_NE2022,PF_NE2022,207,7/26/2022,6,0.1510848,,,0,,,16.16,
PF,PF_NE2022,PF_NE2022,207,7/26/2022,7,0.5845248,,,0,,,17.87,
PF,PF_NE2022,PF_NE2022,207,7/26/2022,8,1.0133712,,,0.3,,,19.58,
PF,PF_NE2022,PF_NE2022,207,7/26/2022,9,1.693188,,,0,,,21.29,
PF,PF_NE2022,PF_NE2022,207,7/26/2022,10,2.2432392,,,0,,,23.91,
PF,PF_NE2022,PF_NE2022,207,7/26/2022,11,2.6689536,,,0,,,26.53,
PF,PF_NE2022,PF_NE2022,207,7/26/2022,12,2.998818,,,0,,,29.16,
PF,PF_NE2022,PF_NE2022,207,7/26/2022,13,3.0547296,,,0,,,30.39,
PF,PF_NE2022,PF_NE2022,207,7/26/2022,14,2.9964204,,,0,,,31.63,
PF,PF_NE2022,PF_NE2022,207,7/26/2022,15,2.7279324,,,0,,,32.86,
PF,PF_NE2022,PF_NE2022,207,7/26/2022,16,2.238336,,,0,,,32.54,
PF,PF_NE2022,PF_NE2022,207,7/26/2022,17,1.6457004,,,0,,,32.22,
PF,PF_NE2022,PF_NE2022,207,7/26/2022,18,0.9102528,,,0,,,31.89,
PF,PF_NE2022,PF_NE2022,207,7/26/2022,19,0.4610592,,,0,,,29.55,
PF,PF_NE2022,PF_NE2022,207,7/26/2022,20,0.0166176,,,0,,,27.21,
PF,PF_NE2022,PF_NE2022,207,7/26/2022,21,0,,,0,,,24.86,
PF,PF_NE2022,PF_NE2022,207,7/26/2022,22,0,,,0,,,23.98,
PF,PF_NE2022,PF_NE2022,207,7/26/2022,23,0,,,0,,,23.1,
PF,PF_NE2022,PF_NE2022,208,7/27/2022,0,0,,,0,,,22.23,
PF,PF_NE2022,PF_NE2022,208,7/27/2022,1,0,,,0,,,21.58,
PF,PF_NE2022,PF_NE2022,208,7/27/2022,2,0,,,0,,,20.94,
PF,PF_NE2022,PF_NE2022,208,7/27/2022,3,0,,,0,,,20.3,
PF,PF_NE2022,PF_NE2022,208,7/27/2022,4,0,,,0,,,19.98,
PF,PF_NE2022,PF_NE2022,208,7/27/2022,5,0,,,0,,,19.66,
PF,PF_NE2022,PF_NE2022,208,7/27/2022,6,0.1647648,,,0,,,19.34,
PF,PF_NE2022,PF_NE2022,208,7/27/2022,7,0.6582528,,,0,,,21.21,
PF,PF_NE2022,PF_NE2022,208,7/27/2022,8,1.1465496,,,0,,,23.09,
PF,PF_NE2022,PF_NE2022,208,7/27/2022,9,1.2374532,,,0,,,24.96,
PF,PF_NE2022,PF_NE2022,208,7/27/2022,10,1.6409448,,,0.7,,,25.63,
PF,PF_NE2022,PF_NE2022,208,7/27/2022,11,1.953234,,,1.3,,,26.3,
PF,PF_NE2022,PF_NE2022,208,7/27/2022,12,2.6552376,,,0,,,26.97,
PF,PF_NE2022,PF_NE2022,208,7/27/2022,13,2.7050112,,,0,,,28.77,
PF,PF_NE2022,PF_NE2022,208,7/27/2022,14,2.6531064,,,0,,,30.56,
PF,PF_NE2022,PF_NE2022,208,7/27/2022,15,2.7440928,,,0,,,32.36,
PF,PF_NE2022,PF_NE2022,208,7/27/2022,16,2.250414,,,0,,,32.24,
PF,PF_NE2022,PF_NE2022,208,7/27/2022,17,1.652922,,,0,,,32.12,
PF,PF_NE2022,PF_NE2022,208,7/27/2022,18,1.02384,,,0,,,32,
PF,PF_NE2022,PF_NE2022,208,7/27/2022,19,0.514944,,,0,,,29.77,
PF,PF_NE2022,PF_NE2022,208,7/27/2022,20,0.0113472,,,0,,,27.53,
PF,PF_NE2022,PF_NE2022,208,7/27/2022,21,0,,,0,,,25.3,
PF,PF_NE2022,PF_NE2022,208,7/27/2022,22,0,,,0,,,25.27,
PF,PF_NE2022,PF_NE2022,208,7/27/2022,23,0,,,0,,,25.24,
PF,PF_NE2022,PF_NE2022,209,7/28/2022,0,0,,,0,,,25.22,
PF,PF_NE2022,PF_NE2022,209,7/28/2022,1,0,,,0,,,24.05,
PF,PF_NE2022,PF_NE2022,209,7/28/2022,2,0,,,0,,,22.89,
PF,PF_NE2022,PF_NE2022,209,7/28/2022,3,0,,,0,,,21.72,
PF,PF_NE2022,PF_NE2022,209,7/28/2022,4,0,,,0,,,21.07,
PF,PF_NE2022,PF_NE2022,209,7/28/2022,5,0,,,0,,,20.42,
PF,PF_NE2022,PF_NE2022,209,7/28/2022,6,0.1124928,,,0.4,,,19.77,
PF,PF_NE2022,PF_NE2022,209,7/28/2022,7,0.4651776,,,0.8,,,20.35,
PF,PF_NE2022,PF_NE2022,209,7/28/2022,8,0.8141544,,,0,,,20.93,
PF,PF_NE2022,PF_NE2022,209,7/28/2022,9,1.469268,,,0.4,,,21.51,
PF,PF_NE2022,PF_NE2022,209,7/28/2022,10,1.9500696,,,0,,,23.08,
PF,PF_NE2022,PF_NE2022,209,7/28/2022,11,2.3223744,,,0,,,24.65,
PF,PF_NE2022,PF_NE2022,209,7/28/2022,12,2.9597436,,,0,,,26.22,
PF,PF_NE2022,PF_NE2022,209,7/28/2022,13,3.0154716,,,0,,,27.05,
PF,PF_NE2022,PF_NE2022,209,7/28/2022,14,2.9573172,,,0,,,27.89,
PF,PF_NE2022,PF_NE2022,209,7/28/2022,15,2.69118,,,0,,,28.72,
PF,PF_NE2022,PF_NE2022,209,7/28/2022,16,2.2057272,,,0,,,28.65,
PF,PF_NE2022,PF_NE2022,209,7/28/2022,17,1.6183548,,,0,,,28.58,
PF,PF_NE2022,PF_NE2022,209,7/28/2022,18,1.0609344,,,0,,,28.52,
PF,PF_NE2022,PF_NE2022,209,7/28/2022,19,0.5295744,,,0,,,26.28,
PF,PF_NE2022,PF_NE2022,209,7/28/2022,20,0.0037728,,,0,,,24.03,
PF,PF_NE2022,PF_NE2022,209,7/28/2022,21,0,,,0,,,21.79,
PF,PF_NE2022,PF_NE2022,209,7/28/2022,22,0,,,0,,,21.12,
PF,PF_NE2022,PF_NE2022,209,7/28/2022,23,0,,,0,,,20.44,
PF,PF_NE2022,PF_NE2022,210,7/29/2022,0,0,,,0,,,19.77,
PF,PF_NE2022,PF_NE2022,210,7/29/2022,1,0,,,0,,,19.14,
PF,PF_NE2022,PF_NE2022,210,7/29/2022,2,0,,,0,,,18.52,
PF,PF_NE2022,PF_NE2022,210,7/29/2022,3,0,,,0,,,17.9,
PF,PF_NE2022,PF_NE2022,210,7/29/2022,4,0,,,0,,,17.69,
PF,PF_NE2022,PF_NE2022,210,7/29/2022,5,0,,,0,,,17.49,
PF,PF_NE2022,PF_NE2022,210,7/29/2022,6,0.1282176,,,0,,,17.29,
PF,PF_NE2022,PF_NE2022,210,7/29/2022,7,0.5499648,,,0,,,18.84,
PF,PF_NE2022,PF_NE2022,210,7/29/2022,8,0.9672336,,,0,,,20.38,
PF,PF_NE2022,PF_NE2022,210,7/29/2022,9,1.3381272,,,0,,,21.93,
PF,PF_NE2022,PF_NE2022,210,7/29/2022,10,1.7776332,,,0,,,23.3,
PF,PF_NE2022,PF_NE2022,210,7/29/2022,11,2.1179484,,,0,,,24.66,
PF,PF_NE2022,PF_NE2022,210,7/29/2022,12,2.4945912,,,0,,,26.03,
PF,PF_NE2022,PF_NE2022,210,7/29/2022,13,2.5415604,,,0,,,26.6,
PF,PF_NE2022,PF_NE2022,210,7/29/2022,14,2.492352,,,0,,,27.17,
PF,PF_NE2022,PF_NE2022,210,7/29/2022,15,2.6587008,,,0,,,27.74,
PF,PF_NE2022,PF_NE2022,210,7/29/2022,16,2.17782,,,0,,,27.26,
PF,PF_NE2022,PF_NE2022,210,7/29/2022,17,1.5960744,,,0,,,26.78,
PF,PF_NE2022,PF_NE2022,210,7/29/2022,18,1.0586304,,,0,,,26.3,
PF,PF_NE2022,PF_NE2022,210,7/29/2022,19,0.5242464,,,0,,,23.94,
PF,PF_NE2022,PF_NE2022,210,7/29/2022,20,0,,,0,,,21.57,
PF,PF_NE2022,PF_NE2022,210,7/29/2022,21,0,,,0,,,19.2,
PF,PF_NE2022,PF_NE2022,210,7/29/2022,22,0,,,0,,,18.43,
PF,PF_NE2022,PF_NE2022,210,7/29/2022,23,0,,,0,,,17.66,
PF,PF_NE2022,PF_NE2022,211,7/30/2022,0,0,,,0,,,16.89,
PF,PF_NE2022,PF_NE2022,211,7/30/2022,1,0,,,0,,,16.3,
PF,PF_NE2022,PF_NE2022,211,7/30/2022,2,0,,,0,,,15.71,
PF,PF_NE2022,PF_NE2022,211,7/30/2022,3,0,,,0,,,15.12,
PF,PF_NE2022,PF_NE2022,211,7/30/2022,4,0,,,0,,,14.86,
PF,PF_NE2022,PF_NE2022,211,7/30/2022,5,0,,,0,,,14.59,
PF,PF_NE2022,PF_NE2022,211,7/30/2022,6,0.1447488,,,0,,,14.33,
PF,PF_NE2022,PF_NE2022,211,7/30/2022,7,0.6458112,,,0,,,16.6,
PF,PF_NE2022,PF_NE2022,211,7/30/2022,8,1.141614,,,0,,,18.87,
PF,PF_NE2022,PF_NE2022,211,7/30/2022,9,1.746324,,,0,,,21.15,
PF,PF_NE2022,PF_NE2022,211,7/30/2022,10,2.3219712,,,0,,,23.43,
PF,PF_NE2022,PF_NE2022,211,7/30/2022,11,2.767842,,,0,,,25.7,
PF,PF_NE2022,PF_NE2022,211,7/30/2022,12,3.063366,,,0,,,27.98,
PF,PF_NE2022,PF_NE2022,211,7/30/2022,13,3.1212324,,,0,,,29.15,
PF,PF_NE2022,PF_NE2022,211,7/30/2022,14,3.0604032,,,0,,,30.33,
PF,PF_NE2022,PF_NE2022,211,7/30/2022,15,2.7569736,,,0,,,31.5,
PF,PF_NE2022,PF_NE2022,211,7/30/2022,16,2.2569552,,,0,,,31.11,
PF,PF_NE2022,PF_NE2022,211,7/30/2022,17,1.6521228,,,0,,,30.73,
PF,PF_NE2022,PF_NE2022,211,7/30/2022,18,1.0291968,,,0,,,30.35,
PF,PF_NE2022,PF_NE2022,211,7/30/2022,19,0.5054112,,,0,,,28,
PF,PF_NE2022,PF_NE2022,211,7/30/2022,20,0,,,0,,,25.66,
PF,PF_NE2022,PF_NE2022,211,7/30/2022,21,0,,,0,,,23.31,
PF,PF_NE2022,PF_NE2022,211,7/30/2022,22,0,,,0,,,22.56,
PF,PF_NE2022,PF_NE2022,211,7/30/2022,23,0,,,0,,,21.8,
PF,PF_NE2022,PF_NE2022,212,7/31/2022,0,0,,,0,,,21.05,
PF,PF_NE2022,PF_NE2022,212,7/31/2022,1,0,,,0,,,20.47,
PF,PF_NE2022,PF_NE2022,212,7/31/2022,2,0,,,0,,,19.89,
PF,PF_NE2022,PF_NE2022,212,7/31/2022,3,0,,,0,,,19.32,
PF,PF_NE2022,PF_NE2022,212,7/31/2022,4,0,,,0,,,19.05,
PF,PF_NE2022,PF_NE2022,212,7/31/2022,5,0,,,0,,,18.79,
PF,PF_NE2022,PF_NE2022,212,7/31/2022,6,0.1355904,,,0,,,18.53,
PF,PF_NE2022,PF_NE2022,212,7/31/2022,7,0.631008,,,0,,,21.17,
PF,PF_NE2022,PF_NE2022,212,7/31/2022,8,1.1212452,,,0,,,23.81,
PF,PF_NE2022,PF_NE2022,212,7/31/2022,9,1.730196,,,0,,,26.46,
PF,PF_NE2022,PF_NE2022,212,7/31/2022,10,2.3026644,,,0,,,29.43,
PF,PF_NE2022,PF_NE2022,212,7/31/2022,11,2.7461736,,,0,,,32.41,
PF,PF_NE2022,PF_NE2022,212,7/31/2022,12,3.0399336,,,0,,,35.39,
PF,PF_NE2022,PF_NE2022,212,7/31/2022,13,3.0975372,,,0,,,36.23,
PF,PF_NE2022,PF_NE2022,212,7/31/2022,14,3.0366576,,,0,,,37.07,
PF,PF_NE2022,PF_NE2022,212,7/31/2022,15,2.6482752,,,0,,,37.92,
PF,PF_NE2022,PF_NE2022,212,7/31/2022,16,2.1665592,,,0,,,37.51,
PF,PF_NE2022,PF_NE2022,212,7/31/2022,17,1.583982,,,0,,,37.1,
PF,PF_NE2022,PF_NE2022,212,7/31/2022,18,0.8218944,,,0,,,36.68,
PF,PF_NE2022,PF_NE2022,212,7/31/2022,19,0.4058208,,,0,,,33.93,
PF,PF_NE2022,PF_NE2022,212,7/31/2022,20,0,,,0,,,31.18,
PF,PF_NE2022,PF_NE2022,212,7/31/2022,21,0,,,0,,,28.43,
PF,PF_NE2022,PF_NE2022,212,7/31/2022,22,0,,,0,,,27.45,
PF,PF_NE2022,PF_NE2022,212,7/31/2022,23,0,,,0,,,26.47,
PF,PF_NE2022,PF_NE2022,213,8/1/2022,0,0,,,0,,,25.5,
PF,PF_NE2022,PF_NE2022,213,8/1/2022,1,0,,,0,,,24.95,
PF,PF_NE2022,PF_NE2022,213,8/1/2022,2,0,,,0,,,24.4,
PF,PF_NE2022,PF_NE2022,213,8/1/2022,3,0,,,0,,,23.86,
PF,PF_NE2022,PF_NE2022,213,8/1/2022,4,0,,,0,,,23.1,
PF,PF_NE2022,PF_NE2022,213,8/1/2022,5,0,,,0,,,22.34,
PF,PF_NE2022,PF_NE2022,213,8/1/2022,6,0.132912,,,0,,,21.58,
PF,PF_NE2022,PF_NE2022,213,8/1/2022,7,0.6475392,,,0,,,23.61,
PF,PF_NE2022,PF_NE2022,213,8/1/2022,8,1.1567772,,,0,,,25.64,
PF,PF_NE2022,PF_NE2022,213,8/1/2022,9,1.6244244,,,0,,,27.67,
PF,PF_NE2022,PF_NE2022,213,8/1/2022,10,2.152098,,,0,,,30.3,
PF,PF_NE2022,PF_NE2022,213,8/1/2022,11,2.6263116,,,0,,,32.93,
PF,PF_NE2022,PF_NE2022,213,8/1/2022,12,2.9636712,,,0,,,35.56,
PF,PF_NE2022,PF_NE2022,213,8/1/2022,13,3.105198,,,0,,,36.44,
PF,PF_NE2022,PF_NE2022,213,8/1/2022,14,3.0286368,,,0,,,37.33,
PF,PF_NE2022,PF_NE2022,213,8/1/2022,15,2.8446012,,,0,,,38.21,
PF,PF_NE2022,PF_NE2022,213,8/1/2022,16,2.3058756,,,0,,,37.9,
PF,PF_NE2022,PF_NE2022,213,8/1/2022,17,1.6560432,,,0,,,37.59,
PF,PF_NE2022,PF_NE2022,213,8/1/2022,18,0.9249408,,,0,,,37.28,
PF,PF_NE2022,PF_NE2022,213,8/1/2022,19,0.4524768,,,0,,,34.45,
PF,PF_NE2022,PF_NE2022,213,8/1/2022,20,0,,,0,,,31.62,
PF,PF_NE2022,PF_NE2022,213,8/1/2022,21,0,,,0,,,28.79,
PF,PF_NE2022,PF_NE2022,213,8/1/2022,22,0,,,0,,,27.78,
PF,PF_NE2022,PF_NE2022,213,8/1/2022,23,0,,,0,,,26.78,
PF,PF_NE2022,PF_NE2022,214,8/2/2022,0,0,,,0,,,25.78,
PF,PF_NE2022,PF_NE2022,214,8/2/2022,1,0,,,0,,,24.91,
PF,PF_NE2022,PF_NE2022,214,8/2/2022,2,0,,,0,,,24.04,
PF,PF_NE2022,PF_NE2022,214,8/2/2022,3,0,,,0,,,23.16,
PF,PF_NE2022,PF_NE2022,214,8/2/2022,4,0,,,0,,,22.69,
PF,PF_NE2022,PF_NE2022,214,8/2/2022,5,0,,,0,,,22.23,
PF,PF_NE2022,PF_NE2022,214,8/2/2022,6,0.1239264,,,0,,,21.76,
PF,PF_NE2022,PF_NE2022,214,8/2/2022,7,0.6343488,,,0,,,24.68,
PF,PF_NE2022,PF_NE2022,214,8/2/2022,8,1.1392992,,,0,,,27.6,
PF,PF_NE2022,PF_NE2022,214,8/2/2022,9,1.488888,,,0,,,30.52,
PF,PF_NE2022,PF_NE2022,214,8/2/2022,10,1.9743228,,,0,,,32.81,
PF,PF_NE2022,PF_NE2022,214,8/2/2022,11,2.4106068,,,0,,,35.1,
PF,PF_NE2022,PF_NE2022,214,8/2/2022,12,2.6792316,,,0,,,37.39,
PF,PF_NE2022,PF_NE2022,214,8/2/2022,13,2.8072728,,,0,,,38.03,
PF,PF_NE2022,PF_NE2022,214,8/2/2022,14,2.737566,,,0,,,38.66,
PF,PF_NE2022,PF_NE2022,214,8/2/2022,15,2.7120312,,,0,,,39.3,
PF,PF_NE2022,PF_NE2022,214,8/2/2022,16,2.1968568,,,0,,,38.79,
PF,PF_NE2022,PF_NE2022,214,8/2/2022,17,1.5756372,,,0,,,38.29,
PF,PF_NE2022,PF_NE2022,214,8/2/2022,18,0.7318656,,,0,,,37.78,
PF,PF_NE2022,PF_NE2022,214,8/2/2022,19,0.354528,,,0,,,35.34,
PF,PF_NE2022,PF_NE2022,214,8/2/2022,20,0,,,0,,,32.9,
PF,PF_NE2022,PF_NE2022,214,8/2/2022,21,0,,,0,,,30.45,
PF,PF_NE2022,PF_NE2022,214,8/2/2022,22,0,,,0,,,29.44,
PF,PF_NE2022,PF_NE2022,214,8/2/2022,23,0,,,0,,,28.43,
PF,PF_NE2022,PF_NE2022,215,8/3/2022,0,0,,,0,,,27.41,
PF,PF_NE2022,PF_NE2022,215,8/3/2022,1,0,,,0,,,26.3,
PF,PF_NE2022,PF_NE2022,215,8/3/2022,2,0,,,0,,,25.19,
PF,PF_NE2022,PF_NE2022,215,8/3/2022,3,0,,,0,,,24.08,
PF,PF_NE2022,PF_NE2022,215,8/3/2022,4,0,,,0,,,23.07,
PF,PF_NE2022,PF_NE2022,215,8/3/2022,5,0,,,0,,,22.06,
PF,PF_NE2022,PF_NE2022,215,8/3/2022,6,0.1169568,,,0,,,21.05,
PF,PF_NE2022,PF_NE2022,215,8/3/2022,7,0.6315264,,,0,,,24.05,
PF,PF_NE2022,PF_NE2022,215,8/3/2022,8,1.1406204,,,0,,,27.05,
PF,PF_NE2022,PF_NE2022,215,8/3/2022,9,1.613502,,,0,,,30.05,
PF,PF_NE2022,PF_NE2022,215,8/3/2022,10,2.141496,,,0,,,31.77,
PF,PF_NE2022,PF_NE2022,215,8/3/2022,11,2.615994,,,0,,,33.5,
PF,PF_NE2022,PF_NE2022,215,8/3/2022,12,2.9586528,,,0,,,35.22,
PF,PF_NE2022,PF_NE2022,215,8/3/2022,13,3.1000356,,,0,,,35.7,
PF,PF_NE2022,PF_NE2022,215,8/3/2022,14,3.0225852,,,0,,,36.18,
PF,PF_NE2022,PF_NE2022,215,8/3/2022,15,2.6327952,,,0,,,36.65,
PF,PF_NE2022,PF_NE2022,215,8/3/2022,16,2.1311424,,,0,,,36.23,
PF,PF_NE2022,PF_NE2022,215,8/3/2022,17,1.526364,,,0,,,35.8,
PF,PF_NE2022,PF_NE2022,215,8/3/2022,18,0.7955712,,,0,,,35.37,
PF,PF_NE2022,PF_NE2022,215,8/3/2022,19,0.3813696,,,0,,,32.69,
PF,PF_NE2022,PF_NE2022,215,8/3/2022,20,0,,,0,,,30.01,
PF,PF_NE2022,PF_NE2022,215,8/3/2022,21,0,,,0,,,27.33,
PF,PF_NE2022,PF_NE2022,215,8/3/2022,22,0,,,0,,,26.43,
PF,PF_NE2022,PF_NE2022,215,8/3/2022,23,0,,,0,,,25.53,
PF,PF_NE2022,PF_NE2022,216,8/4/2022,0,0,,,0,,,24.63,
PF,PF_NE2022,PF_NE2022,216,8/4/2022,1,0,,,0,,,23.9,
PF,PF_NE2022,PF_NE2022,216,8/4/2022,2,0,,,0,,,23.18,
PF,PF_NE2022,PF_NE2022,216,8/4/2022,3,0,,,0,,,22.45,
PF,PF_NE2022,PF_NE2022,216,8/4/2022,4,0,,,0,,,21.94,
PF,PF_NE2022,PF_NE2022,216,8/4/2022,5,0,,,0,,,21.44,
PF,PF_NE2022,PF_NE2022,216,8/4/2022,6,0.108576,,,0,,,20.94,
PF,PF_NE2022,PF_NE2022,216,8/4/2022,7,0.6215616,,,0,,,23.56,
PF,PF_NE2022,PF_NE2022,216,8/4/2022,8,1.129014,,,0,,,26.19,
PF,PF_NE2022,PF_NE2022,216,8/4/2022,9,1.6002288,,,0,,,28.82,
PF,PF_NE2022,PF_NE2022,216,8/4/2022,10,2.1260088,,,0,,,30.81,
PF,PF_NE2022,PF_NE2022,216,8/4/2022,11,2.598192,,,0,,,32.8,
PF,PF_NE2022,PF_NE2022,216,8/4/2022,12,2.9405088,,,0,,,34.79,
PF,PF_NE2022,PF_NE2022,216,8/4/2022,13,3.0811104,,,0,,,35.6,
PF,PF_NE2022,PF_NE2022,216,8/4/2022,14,3.0035232,,,0,,,36.41,
PF,PF_NE2022,PF_NE2022,216,8/4/2022,15,2.8194984,,,0,,,37.22,
PF,PF_NE2022,PF_NE2022,216,8/4/2022,16,2.2804668,,,0,,,36.82,
PF,PF_NE2022,PF_NE2022,216,8/4/2022,17,1.630998,,,0,,,36.42,
PF,PF_NE2022,PF_NE2022,216,8/4/2022,18,0.897408,,,0,,,36.02,
PF,PF_NE2022,PF_NE2022,216,8/4/2022,19,0.4254912,,,0,,,33.68,
PF,PF_NE2022,PF_NE2022,216,8/4/2022,20,0,,,0,,,31.35,
PF,PF_NE2022,PF_NE2022,216,8/4/2022,21,0,,,0,,,29.02,
PF,PF_NE2022,PF_NE2022,216,8/4/2022,22,0,,,0,,,28.25,
PF,PF_NE2022,PF_NE2022,216,8/4/2022,23,0,,,0,,,27.48,
PF,PF_NE2022,PF_NE2022,217,8/5/2022,0,0,,,0,,,26.72,
PF,PF_NE2022,PF_NE2022,217,8/5/2022,1,0,,,0,,,25.77,
PF,PF_NE2022,PF_NE2022,217,8/5/2022,2,0,,,0,,,24.82,
PF,PF_NE2022,PF_NE2022,217,8/5/2022,3,0,,,0,,,23.87,
PF,PF_NE2022,PF_NE2022,217,8/5/2022,4,0,,,0,,,23.21,
PF,PF_NE2022,PF_NE2022,217,8/5/2022,5,0,,,0,,,22.55,
PF,PF_NE2022,PF_NE2022,217,8/5/2022,6,0.1000512,,,0,,,21.89,
PF,PF_NE2022,PF_NE2022,217,8/5/2022,7,0.6107328,,,0,,,24.73,
PF,PF_NE2022,PF_NE2022,217,8/5/2022,8,1.115838,,,0,,,27.57,
PF,PF_NE2022,PF_NE2022,217,8/5/2022,9,1.5866316,,,0,,,30.41,
PF,PF_NE2022,PF_NE2022,217,8/5/2022,10,2.109888,,,0,,,32.76,
PF,PF_NE2022,PF_NE2022,217,8/5/2022,11,2.5797852,,,0,,,35.11,
PF,PF_NE2022,PF_NE2022,217,8/5/2022,12,2.8833552,,,0,,,37.45,
PF,PF_NE2022,PF_NE2022,217,8/5/2022,13,3.0211488,,,0,,,38.32,
PF,PF_NE2022,PF_NE2022,217,8/5/2022,14,2.9444688,,,0,,,39.18,
PF,PF_NE2022,PF_NE2022,217,8/5/2022,15,2.7677448,,,0,,,40.04,
PF,PF_NE2022,PF_NE2022,217,8/5/2022,16,2.2368096,,,0,,,39.53,
PF,PF_NE2022,PF_NE2022,217,8/5/2022,17,1.5973416,,,0,,,39.02,
PF,PF_NE2022,PF_NE2022,217,8/5/2022,18,0.8697024,,,0,,,38.52,
PF,PF_NE2022,PF_NE2022,217,8/5/2022,19,0.4076064,,,0,,,36.18,
PF,PF_NE2022,PF_NE2022,217,8/5/2022,20,0,,,0,,,33.84,
PF,PF_NE2022,PF_NE2022,217,8/5/2022,21,0,,,0,,,31.5,
PF,PF_NE2022,PF_NE2022,217,8/5/2022,22,0,,,0,,,30.53,
PF,PF_NE2022,PF_NE2022,217,8/5/2022,23,0,,,0,,,29.55,
PF,PF_NE2022,PF_NE2022,218,8/6/2022,0,0,,,0,,,28.58,
PF,PF_NE2022,PF_NE2022,218,8/6/2022,1,0,,,0,,,27.7,
PF,PF_NE2022,PF_NE2022,218,8/6/2022,2,0,,,0,,,26.81,
PF,PF_NE2022,PF_NE2022,218,8/6/2022,3,0,,,0,,,25.93,
PF,PF_NE2022,PF_NE2022,218,8/6/2022,4,0,,,0,,,25.52,
PF,PF_NE2022,PF_NE2022,218,8/6/2022,5,0,,,0,,,25.12,
PF,PF_NE2022,PF_NE2022,218,8/6/2022,6,0.0913536,,,0,,,24.72,
PF,PF_NE2022,PF_NE2022,218,8/6/2022,7,0.598464,,,0,,,26.45,
PF,PF_NE2022,PF_NE2022,218,8/6/2022,8,1.100016,,,0,,,28.19,
PF,PF_NE2022,PF_NE2022,218,8/6/2022,9,1.5733152,,,0,,,29.93,
PF,PF_NE2022,PF_NE2022,218,8/6/2022,10,2.0942244,,,0,,,31.85,
PF,PF_NE2022,PF_NE2022,218,8/6/2022,11,2.5618464,,,0,,,33.77,
PF,PF_NE2022,PF_NE2022,218,8/6/2022,12,2.8934172,,,0,,,35.69,
PF,PF_NE2022,PF_NE2022,218,8/6/2022,13,3.031614,,,0,,,36.46,
PF,PF_NE2022,PF_NE2022,218,8/6/2022,14,2.9540628,,,0,,,37.23,
PF,PF_NE2022,PF_NE2022,218,8/6/2022,15,2.7574092,,,0,,,38,
PF,PF_NE2022,PF_NE2022,218,8/6/2022,16,2.2266468,,,0,,,37.7,
PF,PF_NE2022,PF_NE2022,218,8/6/2022,17,1.5876288,,,0,,,37.4,
PF,PF_NE2022,PF_NE2022,218,8/6/2022,18,0.8514432,,,0,,,37.1,
PF,PF_NE2022,PF_NE2022,218,8/6/2022,19,0.3941856,,,0,,,34.51,
PF,PF_NE2022,PF_NE2022,218,8/6/2022,20,0,,,0,,,31.91,
PF,PF_NE2022,PF_NE2022,218,8/6/2022,21,0,,,0,,,29.31,
PF,PF_NE2022,PF_NE2022,218,8/6/2022,22,0,,,0,,,28.12,
PF,PF_NE2022,PF_NE2022,218,8/6/2022,23,0,,,0,,,26.92,
PF,PF_NE2022,PF_NE2022,219,8/7/2022,0,0,,,0,,,25.72,
PF,PF_NE2022,PF_NE2022,219,8/7/2022,1,0,,,0,,,24.66,
PF,PF_NE2022,PF_NE2022,219,8/7/2022,2,0,,,0,,,23.59,
PF,PF_NE2022,PF_NE2022,219,8/7/2022,3,0,,,0,,,22.53,
PF,PF_NE2022,PF_NE2022,219,8/7/2022,4,0,,,0,,,21.66,
PF,PF_NE2022,PF_NE2022,219,8/7/2022,5,0,,,0,,,20.78,
PF,PF_NE2022,PF_NE2022,219,8/7/2022,6,0.0814464,,,0,,,19.91,
PF,PF_NE2022,PF_NE2022,219,8/7/2022,7,0.5772672,,,0,,,21.74,
PF,PF_NE2022,PF_NE2022,219,8/7/2022,8,1.067616,,,0,,,23.56,
PF,PF_NE2022,PF_NE2022,219,8/7/2022,9,1.4870268,,,0,,,25.39,
PF,PF_NE2022,PF_NE2022,219,8/7/2022,10,1.9812744,,,0,,,27.69,
PF,PF_NE2022,PF_NE2022,219,8/7/2022,11,2.4248052,,,0,,,30,
PF,PF_NE2022,PF_NE2022,219,8/7/2022,12,2.5933788,,,0,,,32.3,
PF,PF_NE2022,PF_NE2022,219,8/7/2022,13,2.717244,,,0,,,33.19,
PF,PF_NE2022,PF_NE2022,219,8/7/2022,14,2.64717,,,0,,,34.08,
PF,PF_NE2022,PF_NE2022,219,8/7/2022,15,2.577744,,,0,,,34.96,
PF,PF_NE2022,PF_NE2022,219,8/7/2022,16,2.0797128,,,0,,,34.37,
PF,PF_NE2022,PF_NE2022,219,8/7/2022,17,1.4804568,,,0,,,33.79,
PF,PF_NE2022,PF_NE2022,219,8/7/2022,18,0.8557632,,,0,,,33.2,
PF,PF_NE2022,PF_NE2022,219,8/7/2022,19,0.391104,,,0,,,30.6,
PF,PF_NE2022,PF_NE2022,219,8/7/2022,20,0,,,0,,,28,
PF,PF_NE2022,PF_NE2022,219,8/7/2022,21,0,,,0,,,25.39,
PF,PF_NE2022,PF_NE2022,219,8/7/2022,22,0,,,0,,,23.85,
PF,PF_NE2022,PF_NE2022,219,8/7/2022,23,0,,,0,,,22.31,
PF,PF_NE2022,PF_NE2022,220,8/8/2022,0,0,,,0,,,20.77,
PF,PF_NE2022,PF_NE2022,220,8/8/2022,1,0,,,0,,,19.97,
PF,PF_NE2022,PF_NE2022,220,8/8/2022,2,0,,,0,,,19.17,
PF,PF_NE2022,PF_NE2022,220,8/8/2022,3,0,,,0,,,18.37,
PF,PF_NE2022,PF_NE2022,220,8/8/2022,4,0,,,0,,,17.9,
PF,PF_NE2022,PF_NE2022,220,8/8/2022,5,0,,,0,,,17.44,
PF,PF_NE2022,PF_NE2022,220,8/8/2022,6,0.078048,,,0,,,16.98,
PF,PF_NE2022,PF_NE2022,220,8/8/2022,7,0.6040512,,,0,,,19.36,
PF,PF_NE2022,PF_NE2022,220,8/8/2022,8,1.1241396,,,0,,,21.74,
PF,PF_NE2022,PF_NE2022,220,8/8/2022,9,1.6032096,,,0,,,24.12,
PF,PF_NE2022,PF_NE2022,220,8/8/2022,10,2.1382884,,,0,,,26.36,
PF,PF_NE2022,PF_NE2022,220,8/8/2022,11,2.618118,,,0,,,28.59,
PF,PF_NE2022,PF_NE2022,220,8/8/2022,12,2.951046,,,0,,,30.83,
PF,PF_NE2022,PF_NE2022,220,8/8/2022,13,3.0918276,,,0,,,31.79,
PF,PF_NE2022,PF_NE2022,220,8/8/2022,14,3.0113316,,,0,,,32.74,
PF,PF_NE2022,PF_NE2022,220,8/8/2022,15,2.8099224,,,0,,,33.7,
PF,PF_NE2022,PF_NE2022,220,8/8/2022,16,2.265048,,,0,,,33.31,
PF,PF_NE2022,PF_NE2022,220,8/8/2022,17,1.6097004,,,0,,,32.92,
PF,PF_NE2022,PF_NE2022,220,8/8/2022,18,0.8653824,,,0,,,32.53,
PF,PF_NE2022,PF_NE2022,220,8/8/2022,19,0.3901248,,,0,,,30.2,
PF,PF_NE2022,PF_NE2022,220,8/8/2022,20,0,,,0,,,27.86,
PF,PF_NE2022,PF_NE2022,220,8/8/2022,21,0,,,0,,,25.53,
PF,PF_NE2022,PF_NE2022,220,8/8/2022,22,0,,,0,,,24.69,
PF,PF_NE2022,PF_NE2022,220,8/8/2022,23,0,,,0,,,23.85,
PF,PF_NE2022,PF_NE2022,221,8/9/2022,0,0,,,0,,,23.01,
PF,PF_NE2022,PF_NE2022,221,8/9/2022,1,0,,,0,,,22.12,
PF,PF_NE2022,PF_NE2022,221,8/9/2022,2,0,,,0,,,21.23,
PF,PF_NE2022,PF_NE2022,221,8/9/2022,3,0,,,0,,,20.34,
PF,PF_NE2022,PF_NE2022,221,8/9/2022,4,0,,,0,,,19.59,
PF,PF_NE2022,PF_NE2022,221,8/9/2022,5,0,,,0,,,18.84,
PF,PF_NE2022,PF_NE2022,221,8/9/2022,6,0.0685728,,,0,,,18.09,
PF,PF_NE2022,PF_NE2022,221,8/9/2022,7,0.586368,,,0,,,20.63,
PF,PF_NE2022,PF_NE2022,221,8/9/2022,8,1.0983168,,,0,,,23.18,
PF,PF_NE2022,PF_NE2022,221,8/9/2022,9,1.5769368,,,0,,,25.72,
PF,PF_NE2022,PF_NE2022,221,8/9/2022,10,2.1052476,,,0,,,28.23,
PF,PF_NE2022,PF_NE2022,221,8/9/2022,11,2.5790076,,,0,,,30.74,
PF,PF_NE2022,PF_NE2022,221,8/9/2022,12,2.9141604,,,0,,,33.25,
PF,PF_NE2022,PF_NE2022,221,8/9/2022,13,3.053052,,,0,,,34.08,
PF,PF_NE2022,PF_NE2022,221,8/9/2022,14,2.9728224,,,0,,,34.91,
PF,PF_NE2022,PF_NE2022,221,8/9/2022,15,2.7764928,,,0,,,35.73,
PF,PF_NE2022,PF_NE2022,221,8/9/2022,16,2.2360392,,,0,,,35.46,
PF,PF_NE2022,PF_NE2022,221,8/9/2022,17,1.5862896,,,0,,,35.19,
PF,PF_NE2022,PF_NE2022,221,8/9/2022,18,0.857664,,,0,,,34.91,
PF,PF_NE2022,PF_NE2022,221,8/9/2022,19,0.3810816,,,0,,,32.31,
PF,PF_NE2022,PF_NE2022,221,8/9/2022,20,0,,,0,,,29.71,
PF,PF_NE2022,PF_NE2022,221,8/9/2022,21,0,,,0,,,27.11,
PF,PF_NE2022,PF_NE2022,221,8/9/2022,22,0,,,0,,,26.02,
PF,PF_NE2022,PF_NE2022,221,8/9/2022,23,0,,,0,,,24.92,
PF,PF_NE2022,PF_NE2022,222,8/10/2022,0,0,,,0,,,23.82,
PF,PF_NE2022,PF_NE2022,222,8/10/2022,1,0,,,0,,,22.8,
PF,PF_NE2022,PF_NE2022,222,8/10/2022,2,0,,,0,,,21.78,
PF,PF_NE2022,PF_NE2022,222,8/10/2022,3,0,,,0,,,20.76,
PF,PF_NE2022,PF_NE2022,222,8/10/2022,4,0,,,0,,,20.15,
PF,PF_NE2022,PF_NE2022,222,8/10/2022,5,0,,,0,,,19.55,
PF,PF_NE2022,PF_NE2022,222,8/10/2022,6,0.0609408,,,0,,,18.95,
PF,PF_NE2022,PF_NE2022,222,8/10/2022,7,0.584352,,,0,,,21.92,
PF,PF_NE2022,PF_NE2022,222,8/10/2022,8,1.1018268,,,0,,,24.89,
PF,PF_NE2022,PF_NE2022,222,8/10/2022,9,1.5880752,,,0,,,27.86,
PF,PF_NE2022,PF_NE2022,222,8/10/2022,10,2.1222792,,,0,,,30.16,
PF,PF_NE2022,PF_NE2022,222,8/10/2022,11,2.6010252,,,0,,,32.46,
PF,PF_NE2022,PF_NE2022,222,8/10/2022,12,2.9478708,,,0,,,34.75,
PF,PF_NE2022,PF_NE2022,222,8/10/2022,13,3.0882564,,,0,,,35.63,
PF,PF_NE2022,PF_NE2022,222,8/10/2022,14,3.006306,,,0,,,36.5,
PF,PF_NE2022,PF_NE2022,222,8/10/2022,15,2.8087992,,,0,,,37.37,
PF,PF_NE2022,PF_NE2022,222,8/10/2022,16,2.2598532,,,0,,,37.04,
PF,PF_NE2022,PF_NE2022,222,8/10/2022,17,1.6003548,,,0,,,36.7,
PF,PF_NE2022,PF_NE2022,222,8/10/2022,18,0.8520192,,,0,,,36.37,
PF,PF_NE2022,PF_NE2022,222,8/10/2022,19,0.372816,,,0,,,33.49,
PF,PF_NE2022,PF_NE2022,222,8/10/2022,20,0,,,0,,,30.62,
PF,PF_NE2022,PF_NE2022,222,8/10/2022,21,0,,,0,,,27.75,
PF,PF_NE2022,PF_NE2022,222,8/10/2022,22,0,,,0,,,26.6,
PF,PF_NE2022,PF_NE2022,222,8/10/2022,23,0,,,0,,,25.44,
PF,PF_NE2022,PF_NE2022,223,8/11/2022,0,0,,,0,,,24.29,
PF,PF_NE2022,PF_NE2022,223,8/11/2022,1,0,,,0,,,23.08,
PF,PF_NE2022,PF_NE2022,223,8/11/2022,2,0,,,0,,,21.88,
PF,PF_NE2022,PF_NE2022,223,8/11/2022,3,0,,,0,,,20.67,
PF,PF_NE2022,PF_NE2022,223,8/11/2022,4,0,,,0,,,20.23,
PF,PF_NE2022,PF_NE2022,223,8/11/2022,5,0,,,0,,,19.79,
PF,PF_NE2022,PF_NE2022,223,8/11/2022,6,0.052848,,,0,,,19.34,
PF,PF_NE2022,PF_NE2022,223,8/11/2022,7,0.5796288,,,0,,,22.52,
PF,PF_NE2022,PF_NE2022,223,8/11/2022,8,1.1002968,,,0,,,25.7,
PF,PF_NE2022,PF_NE2022,223,8/11/2022,9,1.5871068,,,0,,,28.88,
PF,PF_NE2022,PF_NE2022,223,8/11/2022,10,2.1231684,,,0,,,30.86,
PF,PF_NE2022,PF_NE2022,223,8/11/2022,11,2.6033148,,,0,,,32.84,
PF,PF_NE2022,PF_NE2022,223,8/11/2022,12,2.9476404,,,0,,,34.82,
PF,PF_NE2022,PF_NE2022,223,8/11/2022,13,3.0877488,,,0,,,35.39,
PF,PF_NE2022,PF_NE2022,223,8/11/2022,14,3.0049056,,,0,,,35.95,
PF,PF_NE2022,PF_NE2022,223,8/11/2022,15,2.8070388,,,0,,,36.52,
PF,PF_NE2022,PF_NE2022,223,8/11/2022,16,2.256192,,,0,,,36.15,
PF,PF_NE2022,PF_NE2022,223,8/11/2022,17,1.5947496,,,0,,,35.78,
PF,PF_NE2022,PF_NE2022,223,8/11/2022,18,0.8323776,,,0,,,35.41,
PF,PF_NE2022,PF_NE2022,223,8/11/2022,19,0.3583872,,,0,,,32.76,
PF,PF_NE2022,PF_NE2022,223,8/11/2022,20,0,,,0,,,30.12,
PF,PF_NE2022,PF_NE2022,223,8/11/2022,21,0,,,0,,,27.48,
PF,PF_NE2022,PF_NE2022,223,8/11/2022,22,0,,,0,,,26.46,
PF,PF_NE2022,PF_NE2022,223,8/11/2022,23,0,,,0,,,25.43,
PF,PF_NE2022,PF_NE2022,224,8/12/2022,0,0,,,0,,,24.41,
PF,PF_NE2022,PF_NE2022,224,8/12/2022,1,0,,,0,,,23.69,
PF,PF_NE2022,PF_NE2022,224,8/12/2022,2,0,,,0,,,22.96,
PF,PF_NE2022,PF_NE2022,224,8/12/2022,3,0,,,0,,,22.23,
PF,PF_NE2022,PF_NE2022,224,8/12/2022,4,0,,,0,,,21.56,
PF,PF_NE2022,PF_NE2022,224,8/12/2022,5,0,,,0,,,20.88,
PF,PF_NE2022,PF_NE2022,224,8/12/2022,6,0.044064,,,0,,,20.2,
PF,PF_NE2022,PF_NE2022,224,8/12/2022,7,0.5669568,,,0,,,23.03,
PF,PF_NE2022,PF_NE2022,224,8/12/2022,8,1.0837188,,,0,,,25.86,
PF,PF_NE2022,PF_NE2022,224,8/12/2022,9,1.5638544,,,0,,,28.68,
PF,PF_NE2022,PF_NE2022,224,8/12/2022,10,2.0940696,,,0,,,30.88,
PF,PF_NE2022,PF_NE2022,224,8/12/2022,11,2.568942,,,0,,,33.08,
PF,PF_NE2022,PF_NE2022,224,8/12/2022,12,2.8976436,,,0,,,35.27,
PF,PF_NE2022,PF_NE2022,224,8/12/2022,13,3.0351744,,,0,,,36.17,
PF,PF_NE2022,PF_NE2022,224,8/12/2022,14,2.9528964,,,0,,,37.06,
PF,PF_NE2022,PF_NE2022,224,8/12/2022,15,2.745468,,,0,,,37.96,
PF,PF_NE2022,PF_NE2022,224,8/12/2022,16,2.2043988,,,0,,,37.75,
PF,PF_NE2022,PF_NE2022,224,8/12/2022,17,1.5551856,,,0,,,37.54,
PF,PF_NE2022,PF_NE2022,224,8/12/2022,18,0.8143488,,,0,,,37.33,
PF,PF_NE2022,PF_NE2022,224,8/12/2022,19,0.3446496,,,0,,,34.79,
PF,PF_NE2022,PF_NE2022,224,8/12/2022,20,0,,,0,,,32.25,
PF,PF_NE2022,PF_NE2022,224,8/12/2022,21,0,,,0,,,29.71,
PF,PF_NE2022,PF_NE2022,224,8/12/2022,22,0,,,0,,,28.6,
PF,PF_NE2022,PF_NE2022,224,8/12/2022,23,0,,,0,,,27.49,
PF,PF_NE2022,PF_NE2022,225,8/13/2022,0,0,,,0,,,26.38,
PF,PF_NE2022,PF_NE2022,225,8/13/2022,1,0,,,0,,,25.48,
PF,PF_NE2022,PF_NE2022,225,8/13/2022,2,0,,,0,,,24.59,
PF,PF_NE2022,PF_NE2022,225,8/13/2022,3,0,,,0,,,23.69,
PF,PF_NE2022,PF_NE2022,225,8/13/2022,4,0,,,0,,,22.99,
PF,PF_NE2022,PF_NE2022,225,8/13/2022,5,0,,,0,,,22.3,
PF,PF_NE2022,PF_NE2022,225,8/13/2022,6,0.035568,,,0,,,21.6,
PF,PF_NE2022,PF_NE2022,225,8/13/2022,7,0.5573952,,,0,,,24.34,
PF,PF_NE2022,PF_NE2022,225,8/13/2022,8,1.0730124,,,0,,,27.08,
PF,PF_NE2022,PF_NE2022,225,8/13/2022,9,1.5516684,,,0,,,29.82,
PF,PF_NE2022,PF_NE2022,225,8/13/2022,10,2.0798784,,,0,,,32.08,
PF,PF_NE2022,PF_NE2022,225,8/13/2022,11,2.5526448,,,0,,,34.33,
PF,PF_NE2022,PF_NE2022,225,8/13/2022,12,2.869218,,,0,,,36.59,
PF,PF_NE2022,PF_NE2022,225,8/13/2022,13,3.0052332,,,0,,,36.99,
PF,PF_NE2022,PF_NE2022,225,8/13/2022,14,2.9228796,,,0,,,37.39,
PF,PF_NE2022,PF_NE2022,225,8/13/2022,15,2.719818,,,0,,,37.78,
PF,PF_NE2022,PF_NE2022,225,8/13/2022,16,2.1815388,,,0,,,37.39,
PF,PF_NE2022,PF_NE2022,225,8/13/2022,17,1.5359904,,,0,,,36.99,
PF,PF_NE2022,PF_NE2022,225,8/13/2022,18,0.8120448,,,0,,,36.59,
PF,PF_NE2022,PF_NE2022,225,8/13/2022,19,0.3374496,,,0,,,34.1,
PF,PF_NE2022,PF_NE2022,225,8/13/2022,20,0,,,0,,,31.6,
PF,PF_NE2022,PF_NE2022,225,8/13/2022,21,0,,,0,,,29.11,
PF,PF_NE2022,PF_NE2022,225,8/13/2022,22,0,,,0,,,27.98,
PF,PF_NE2022,PF_NE2022,225,8/13/2022,23,0,,,0,,,26.86,
PF,PF_NE2022,PF_NE2022,226,8/14/2022,0,0,,,0,,,25.73,
PF,PF_NE2022,PF_NE2022,226,8/14/2022,1,0,,,0,,,24.69,
PF,PF_NE2022,PF_NE2022,226,8/14/2022,2,0,,,0,,,23.65,
PF,PF_NE2022,PF_NE2022,226,8/14/2022,3,0,,,0,,,22.6,
PF,PF_NE2022,PF_NE2022,226,8/14/2022,4,0,,,0,,,21.77,
PF,PF_NE2022,PF_NE2022,226,8/14/2022,5,0,,,0,,,20.94,
PF,PF_NE2022,PF_NE2022,226,8/14/2022,6,0.027216,,,0,,,20.11,
PF,PF_NE2022,PF_NE2022,226,8/14/2022,7,0.55008,,,0,,,22.93,
PF,PF_NE2022,PF_NE2022,226,8/14/2022,8,1.0665864,,,0,,,25.74,
PF,PF_NE2022,PF_NE2022,226,8/14/2022,9,1.5548076,,,0,,,28.55,
PF,PF_NE2022,PF_NE2022,226,8/14/2022,10,2.0862756,,,0,,,31.12,
PF,PF_NE2022,PF_NE2022,226,8/14/2022,11,2.561634,,,0,,,33.69,
PF,PF_NE2022,PF_NE2022,226,8/14/2022,12,2.8933632,,,0,,,36.25,
PF,PF_NE2022,PF_NE2022,226,8/14/2022,13,3.030228,,,0,,,36.98,
PF,PF_NE2022,PF_NE2022,226,8/14/2022,14,2.9462364,,,0,,,37.7,
PF,PF_NE2022,PF_NE2022,226,8/14/2022,15,2.7288504,,,0,,,38.42,
PF,PF_NE2022,PF_NE2022,226,8/14/2022,16,2.1863808,,,0,,,38.04,
PF,PF_NE2022,PF_NE2022,226,8/14/2022,17,1.5361992,,,0,,,37.66,
PF,PF_NE2022,PF_NE2022,226,8/14/2022,18,0.7825536,,,0,,,37.28,
PF,PF_NE2022,PF_NE2022,226,8/14/2022,19,0.3189312,,,0,,,34.67,
PF,PF_NE2022,PF_NE2022,226,8/14/2022,20,0,,,0,,,32.06,
PF,PF_NE2022,PF_NE2022,226,8/14/2022,21,0,,,0,,,29.45,
PF,PF_NE2022,PF_NE2022,226,8/14/2022,22,0,,,0,,,28.61,
PF,PF_NE2022,PF_NE2022,226,8/14/2022,23,0,,,0,,,27.77,
PF,PF_NE2022,PF_NE2022,227,8/15/2022,0,0,,,0,,,26.94,
PF,PF_NE2022,PF_NE2022,227,8/15/2022,1,0,,,0,,,26.12,
PF,PF_NE2022,PF_NE2022,227,8/15/2022,2,0,,,0,,,25.31,
PF,PF_NE2022,PF_NE2022,227,8/15/2022,3,0,,,0,,,24.5,
PF,PF_NE2022,PF_NE2022,227,8/15/2022,4,0,,,0.3,,,23.51,
PF,PF_NE2022,PF_NE2022,227,8/15/2022,5,0,,,0,,,22.53,
PF,PF_NE2022,PF_NE2022,227,8/15/2022,6,0.015408,,,0.7,,,21.55,
PF,PF_NE2022,PF_NE2022,227,8/15/2022,7,0.444672,,,0,,,23.12,
PF,PF_NE2022,PF_NE2022,227,8/15/2022,8,0.8685684,,,0,,,24.69,
PF,PF_NE2022,PF_NE2022,227,8/15/2022,9,1.1499408,,,0,,,26.26,
PF,PF_NE2022,PF_NE2022,227,8/15/2022,10,1.5446052,,,0,,,28.6,
PF,PF_NE2022,PF_NE2022,227,8/15/2022,11,1.8974124,,,0,,,30.93,
PF,PF_NE2022,PF_NE2022,227,8/15/2022,12,2.5563924,,,0,,,33.27,
PF,PF_NE2022,PF_NE2022,227,8/15/2022,13,2.6770212,,,0,,,34.1,
PF,PF_NE2022,PF_NE2022,227,8/15/2022,14,2.6019396,,,0,,,34.94,
PF,PF_NE2022,PF_NE2022,227,8/15/2022,15,2.3294088,,,0,,,35.78,
PF,PF_NE2022,PF_NE2022,227,8/15/2022,16,1.8642528,,,0,,,35.21,
PF,PF_NE2022,PF_NE2022,227,8/15/2022,17,1.3070952,,,0,,,34.64,
PF,PF_NE2022,PF_NE2022,227,8/15/2022,18,0.6420672,,,0,,,34.06,
PF,PF_NE2022,PF_NE2022,227,8/15/2022,19,0.25632,,,0,,,31.44,
PF,PF_NE2022,PF_NE2022,227,8/15/2022,20,0,,,18.7,,,28.81,
PF,PF_NE2022,PF_NE2022,227,8/15/2022,21,0,,,0,,,26.18,
PF,PF_NE2022,PF_NE2022,227,8/15/2022,22,0,,,0,,,24.91,
PF,PF_NE2022,PF_NE2022,227,8/15/2022,23,0,,,0,,,23.65,
PF,PF_NE2022,PF_NE2022,228,8/16/2022,0,0,,,0,,,22.38,
PF,PF_NE2022,PF_NE2022,228,8/16/2022,1,0,,,0,,,21.47,
PF,PF_NE2022,PF_NE2022,228,8/16/2022,2,0,,,0,,,20.55,
PF,PF_NE2022,PF_NE2022,228,8/16/2022,3,0,,,0,,,19.64,
PF,PF_NE2022,PF_NE2022,228,8/16/2022,4,0,,,0,,,18.67,
PF,PF_NE2022,PF_NE2022,228,8/16/2022,5,0,,,0,,,17.7,
PF,PF_NE2022,PF_NE2022,228,8/16/2022,6,0.0075744,,,0,,,16.74,
PF,PF_NE2022,PF_NE2022,228,8/16/2022,7,0.3917952,,,0,,,17.5,
PF,PF_NE2022,PF_NE2022,228,8/16/2022,8,0.7712136,,,0,,,18.26,
PF,PF_NE2022,PF_NE2022,228,8/16/2022,9,1.51416,,,0,,,19.02,
PF,PF_NE2022,PF_NE2022,228,8/16/2022,10,2.0358144,,,0,,,21.61,
PF,PF_NE2022,PF_NE2022,228,8/16/2022,11,2.502162,,,0,,,24.2,
PF,PF_NE2022,PF_NE2022,228,8/16/2022,12,2.8190844,,,0,,,26.78,
PF,PF_NE2022,PF_NE2022,228,8/16/2022,13,2.9518164,,,0,,,27.49,
PF,PF_NE2022,PF_NE2022,228,8/16/2022,14,2.8680444,,,0,,,28.19,
PF,PF_NE2022,PF_NE2022,228,8/16/2022,15,2.6818848,,,0,,,28.89,
PF,PF_NE2022,PF_NE2022,228,8/16/2022,16,2.1438108,,,0,,,28.57,
PF,PF_NE2022,PF_NE2022,228,8/16/2022,17,1.4998068,,,0,,,28.24,
PF,PF_NE2022,PF_NE2022,228,8/16/2022,18,0.8143488,,,0,,,27.92,
PF,PF_NE2022,PF_NE2022,228,8/16/2022,19,0.3180096,,,0,,,25.23,
PF,PF_NE2022,PF_NE2022,228,8/16/2022,20,0,,,0,,,22.54,
PF,PF_NE2022,PF_NE2022,228,8/16/2022,21,0,,,0,,,19.85,
PF,PF_NE2022,PF_NE2022,228,8/16/2022,22,0,,,0,,,18.87,
PF,PF_NE2022,PF_NE2022,228,8/16/2022,23,0,,,0,,,17.89,
PF,PF_NE2022,PF_NE2022,229,8/17/2022,0,0,,,0,,,16.91,
PF,PF_NE2022,PF_NE2022,229,8/17/2022,1,0,,,0,,,16.27,
PF,PF_NE2022,PF_NE2022,229,8/17/2022,2,0,,,0,,,15.62,
PF,PF_NE2022,PF_NE2022,229,8/17/2022,3,0,,,0,,,14.97,
PF,PF_NE2022,PF_NE2022,229,8/17/2022,4,0,,,0,,,14.67,
PF,PF_NE2022,PF_NE2022,229,8/17/2022,5,0,,,0,,,14.36,
PF,PF_NE2022,PF_NE2022,229,8/17/2022,6,0.0018432,,,0,,,14.05,
PF,PF_NE2022,PF_NE2022,229,8/17/2022,7,0.524736,,,0,,,16.1,
PF,PF_NE2022,PF_NE2022,229,8/17/2022,8,1.0408896,,,0,,,18.16,
PF,PF_NE2022,PF_NE2022,229,8/17/2022,9,1.5315696,,,0,,,20.21,
PF,PF_NE2022,PF_NE2022,229,8/17/2022,10,2.06136,,,0,,,22.54,
PF,PF_NE2022,PF_NE2022,229,8/17/2022,11,2.5346772,,,0,,,24.87,
PF,PF_NE2022,PF_NE2022,229,8/17/2022,12,2.8691568,,,0,,,27.2,
PF,PF_NE2022,PF_NE2022,229,8/17/2022,13,3.0038688,,,0,,,28.11,
PF,PF_NE2022,PF_NE2022,229,8/17/2022,14,2.9175336,,,0,,,29.02,
PF,PF_NE2022,PF_NE2022,229,8/17/2022,15,2.7030384,,,0,,,29.93,
PF,PF_NE2022,PF_NE2022,229,8/17/2022,16,2.15811,,,0,,,29.61,
PF,PF_NE2022,PF_NE2022,229,8/17/2022,17,1.506366,,,0,,,29.28,
PF,PF_NE2022,PF_NE2022,229,8/17/2022,18,0.770688,,,0,,,28.96,
PF,PF_NE2022,PF_NE2022,229,8/17/2022,19,0.2939616,,,0,,,26.43,
PF,PF_NE2022,PF_NE2022,229,8/17/2022,20,0,,,0,,,23.89,
PF,PF_NE2022,PF_NE2022,229,8/17/2022,21,0,,,0,,,21.36,
PF,PF_NE2022,PF_NE2022,229,8/17/2022,22,0,,,0,,,20.6,
PF,PF_NE2022,PF_NE2022,229,8/17/2022,23,0,,,0,,,19.83,
PF,PF_NE2022,PF_NE2022,230,8/18/2022,0,0,,,0,,,19.07,
PF,PF_NE2022,PF_NE2022,230,8/18/2022,1,0,,,0,,,18.37,
PF,PF_NE2022,PF_NE2022,230,8/18/2022,2,0,,,0,,,17.66,
PF,PF_NE2022,PF_NE2022,230,8/18/2022,3,0,,,0,,,16.95,
PF,PF_NE2022,PF_NE2022,230,8/18/2022,4,0,,,0,,,16.55,
PF,PF_NE2022,PF_NE2022,230,8/18/2022,5,0,,,0,,,16.14,
PF,PF_NE2022,PF_NE2022,230,8/18/2022,6,0,,,0,,,15.73,
PF,PF_NE2022,PF_NE2022,230,8/18/2022,7,0.516672,,,0,,,18.1,
PF,PF_NE2022,PF_NE2022,230,8/18/2022,8,1.0330776,,,0,,,20.46,
PF,PF_NE2022,PF_NE2022,230,8/18/2022,9,1.5264684,,,0,,,22.82,
PF,PF_NE2022,PF_NE2022,230,8/18/2022,10,2.0566872,,,0,,,25.54,
PF,PF_NE2022,PF_NE2022,230,8/18/2022,11,2.52999,,,0,,,28.26,
PF,PF_NE2022,PF_NE2022,230,8/18/2022,12,2.8684692,,,0,,,30.98,
PF,PF_NE2022,PF_NE2022,230,8/18/2022,13,3.0027744,,,0,,,31.91,
PF,PF_NE2022,PF_NE2022,230,8/18/2022,14,2.9153664,,,0,,,32.83,
PF,PF_NE2022,PF_NE2022,230,8/18/2022,15,2.6880156,,,0,,,33.76,
PF,PF_NE2022,PF_NE2022,230,8/18/2022,16,2.1434904,,,0,,,33.3,
PF,PF_NE2022,PF_NE2022,230,8/18/2022,17,1.4926968,,,0,,,32.83,
PF,PF_NE2022,PF_NE2022,230,8/18/2022,18,0.7506432,,,0,,,32.37,
PF,PF_NE2022,PF_NE2022,230,8/18/2022,19,0.279216,,,0,,,30.58,
PF,PF_NE2022,PF_NE2022,230,8/18/2022,20,0,,,0,,,28.79,
PF,PF_NE2022,PF_NE2022,230,8/18/2022,21,0,,,0,,,27,
PF,PF_NE2022,PF_NE2022,230,8/18/2022,22,0,,,0,,,25.49,
PF,PF_NE2022,PF_NE2022,230,8/18/2022,23,0,,,0,,,23.97,
PF,PF_NE2022,PF_NE2022,231,8/19/2022,0,0,,,0,,,22.46,
PF,PF_NE2022,PF_NE2022,231,8/19/2022,1,0,,,0,,,21.13,
PF,PF_NE2022,PF_NE2022,231,8/19/2022,2,0,,,0,,,19.8,
PF,PF_NE2022,PF_NE2022,231,8/19/2022,3,0,,,0,,,18.47,
PF,PF_NE2022,PF_NE2022,231,8/19/2022,4,0,,,0,,,17.72,
PF,PF_NE2022,PF_NE2022,231,8/19/2022,5,0,,,0,,,16.96,
PF,PF_NE2022,PF_NE2022,231,8/19/2022,6,0,,,0,,,16.21,
PF,PF_NE2022,PF_NE2022,231,8/19/2022,7,0.5060736,,,0,,,19.08,
PF,PF_NE2022,PF_NE2022,231,8/19/2022,8,1.0202112,,,0,,,21.95,
PF,PF_NE2022,PF_NE2022,231,8/19/2022,9,1.4632092,,,0,,,24.83,
PF,PF_NE2022,PF_NE2022,231,8/19/2022,10,1.9735956,,,0,,,26.53,
PF,PF_NE2022,PF_NE2022,231,8/19/2022,11,2.4288876,,,0,,,28.24,
PF,PF_NE2022,PF_NE2022,231,8/19/2022,12,2.8600632,,,0,,,29.95,
PF,PF_NE2022,PF_NE2022,231,8/19/2022,13,2.993598,,,0,,,30.36,
PF,PF_NE2022,PF_NE2022,231,8/19/2022,14,2.9053152,,,0,,,30.77,
PF,PF_NE2022,PF_NE2022,231,8/19/2022,15,2.6861256,,,0,,,31.19,
PF,PF_NE2022,PF_NE2022,231,8/19/2022,16,2.1392064,,,0,,,30.61,
PF,PF_NE2022,PF_NE2022,231,8/19/2022,17,1.4861448,,,0,,,30.04,
PF,PF_NE2022,PF_NE2022,231,8/19/2022,18,0.7497792,,,0,,,29.47,
PF,PF_NE2022,PF_NE2022,231,8/19/2022,19,0.2714688,,,0,,,26.44,
PF,PF_NE2022,PF_NE2022,231,8/19/2022,20,0,,,0,,,23.4,
PF,PF_NE2022,PF_NE2022,231,8/19/2022,21,0,,,0,,,20.37,
PF,PF_NE2022,PF_NE2022,231,8/19/2022,22,0,,,0,,,19.03,
PF,PF_NE2022,PF_NE2022,231,8/19/2022,23,0,,,0,,,17.69,
PF,PF_NE2022,PF_NE2022,232,8/20/2022,0,0,,,0,,,16.36,
PF,PF_NE2022,PF_NE2022,232,8/20/2022,1,0,,,0,,,15.67,
PF,PF_NE2022,PF_NE2022,232,8/20/2022,2,0,,,0,,,14.99,
PF,PF_NE2022,PF_NE2022,232,8/20/2022,3,0,,,0,,,14.3,
PF,PF_NE2022,PF_NE2022,232,8/20/2022,4,0,,,0,,,14.24,
PF,PF_NE2022,PF_NE2022,232,8/20/2022,5,0,,,0,,,14.19,
PF,PF_NE2022,PF_NE2022,232,8/20/2022,6,0,,,0,,,14.13,
PF,PF_NE2022,PF_NE2022,232,8/20/2022,7,0.5046912,,,0,,,16.61,
PF,PF_NE2022,PF_NE2022,232,8/20/2022,8,1.0259532,,,0,,,19.1,
PF,PF_NE2022,PF_NE2022,232,8/20/2022,9,1.51938,,,0,,,21.59,
PF,PF_NE2022,PF_NE2022,232,8/20/2022,10,2.0514024,,,0,,,23.28,
PF,PF_NE2022,PF_NE2022,232,8/20/2022,11,2.5257744,,,0,,,24.98,
PF,PF_NE2022,PF_NE2022,232,8/20/2022,12,2.8633176,,,0,,,26.68,
PF,PF_NE2022,PF_NE2022,232,8/20/2022,13,2.9964996,,,0,,,27.54,
PF,PF_NE2022,PF_NE2022,232,8/20/2022,14,2.9069496,,,0,,,28.39,
PF,PF_NE2022,PF_NE2022,232,8/20/2022,15,2.679714,,,0,,,29.24,
PF,PF_NE2022,PF_NE2022,232,8/20/2022,16,2.1313404,,,0,,,29.02,
PF,PF_NE2022,PF_NE2022,232,8/20/2022,17,1.4770008,,,0,,,28.81,
PF,PF_NE2022,PF_NE2022,232,8/20/2022,18,0.7302528,,,0,,,28.59,
PF,PF_NE2022,PF_NE2022,232,8/20/2022,19,0.2568672,,,0,,,26.13,
PF,PF_NE2022,PF_NE2022,232,8/20/2022,20,0,,,0,,,23.67,
PF,PF_NE2022,PF_NE2022,232,8/20/2022,21,0,,,0,,,21.22,
PF,PF_NE2022,PF_NE2022,232,8/20/2022,22,0,,,0,,,20.47,
PF,PF_NE2022,PF_NE2022,232,8/20/2022,23,0,,,0,,,19.72,
PF,PF_NE2022,PF_NE2022,233,8/21/2022,0,0,,,0,,,18.98,
PF,PF_NE2022,PF_NE2022,233,8/21/2022,1,0,,,0,,,18.38,
PF,PF_NE2022,PF_NE2022,233,8/21/2022,2,0,,,0,,,17.79,
PF,PF_NE2022,PF_NE2022,233,8/21/2022,3,0,,,0,,,17.19,
PF,PF_NE2022,PF_NE2022,233,8/21/2022,4,0,,,0,,,16.83,
PF,PF_NE2022,PF_NE2022,233,8/21/2022,5,0,,,0,,,16.47,
PF,PF_NE2022,PF_NE2022,233,8/21/2022,6,0,,,0,,,16.1,
PF,PF_NE2022,PF_NE2022,233,8/21/2022,7,0.4925952,,,0,,,18.69,
PF,PF_NE2022,PF_NE2022,233,8/21/2022,8,1.0100124,,,0,,,21.27,
PF,PF_NE2022,PF_NE2022,233,8/21/2022,9,1.5044796,,,0,,,23.86,
PF,PF_NE2022,PF_NE2022,233,8/21/2022,10,2.0334564,,,0,,,26.07,
PF,PF_NE2022,PF_NE2022,233,8/21/2022,11,2.5048512,,,0,,,28.28,
PF,PF_NE2022,PF_NE2022,233,8/21/2022,12,2.836602,,,0,,,30.49,
PF,PF_NE2022,PF_NE2022,233,8/21/2022,13,2.9680704,,,0,,,31.41,
PF,PF_NE2022,PF_NE2022,233,8/21/2022,14,2.878164,,,0,,,32.33,
PF,PF_NE2022,PF_NE2022,233,8/21/2022,15,2.6492364,,,0,,,33.25,
PF,PF_NE2022,PF_NE2022,233,8/21/2022,16,2.1042252,,,0,,,32.86,
PF,PF_NE2022,PF_NE2022,233,8/21/2022,17,1.4544756,,,0,,,32.47,
PF,PF_NE2022,PF_NE2022,233,8/21/2022,18,0.7086528,,,0,,,32.09,
PF,PF_NE2022,PF_NE2022,233,8/21/2022,19,0.2416032,,,0,,,29.12,
PF,PF_NE2022,PF_NE2022,233,8/21/2022,20,0,,,0,,,26.16,
PF,PF_NE2022,PF_NE2022,233,8/21/2022,21,0,,,0,,,23.2,
PF,PF_NE2022,PF_NE2022,233,8/21/2022,22,0,,,0,,,22.6,
PF,PF_NE2022,PF_NE2022,233,8/21/2022,23,0,,,0,,,22,
PF,PF_NE2022,PF_NE2022,234,8/22/2022,0,0,,,0,,,21.4,
PF,PF_NE2022,PF_NE2022,234,8/22/2022,1,0,,,0,,,20.57,
PF,PF_NE2022,PF_NE2022,234,8/22/2022,2,0,,,0,,,19.74,
PF,PF_NE2022,PF_NE2022,234,8/22/2022,3,0,,,0,,,18.91,
PF,PF_NE2022,PF_NE2022,234,8/22/2022,4,0,,,0,,,18.78,
PF,PF_NE2022,PF_NE2022,234,8/22/2022,5,0,,,0,,,18.65,
PF,PF_NE2022,PF_NE2022,234,8/22/2022,6,0,,,0,,,18.53,
PF,PF_NE2022,PF_NE2022,234,8/22/2022,7,0.4892544,,,0,,,20.94,
PF,PF_NE2022,PF_NE2022,234,8/22/2022,8,1.0120176,,,0,,,23.35,
PF,PF_NE2022,PF_NE2022,234,8/22/2022,9,1.507014,,,0,,,25.77,
PF,PF_NE2022,PF_NE2022,234,8/22/2022,10,2.0390652,,,0,,,28.1,
PF,PF_NE2022,PF_NE2022,234,8/22/2022,11,2.5129008,,,0,,,30.44,
PF,PF_NE2022,PF_NE2022,234,8/22/2022,12,2.8443888,,,0,,,32.77,
PF,PF_NE2022,PF_NE2022,234,8/22/2022,13,2.9757888,,,0,,,33.49,
PF,PF_NE2022,PF_NE2022,234,8/22/2022,14,2.8843848,,,0,,,34.21,
PF,PF_NE2022,PF_NE2022,234,8/22/2022,15,2.6502912,,,0,,,34.93,
PF,PF_NE2022,PF_NE2022,234,8/22/2022,16,2.1021048,,,0,,,34.62,
PF,PF_NE2022,PF_NE2022,234,8/22/2022,17,1.449198,,,0,,,34.3,
PF,PF_NE2022,PF_NE2022,234,8/22/2022,18,0.7107264,,,0,,,33.99,
PF,PF_NE2022,PF_NE2022,234,8/22/2022,19,0.2343168,,,0,,,30.64,
PF,PF_NE2022,PF_NE2022,234,8/22/2022,20,0,,,0,,,27.29,
PF,PF_NE2022,PF_NE2022,234,8/22/2022,21,0,,,0,,,23.95,
PF,PF_NE2022,PF_NE2022,234,8/22/2022,22,0,,,0,,,23.01,
PF,PF_NE2022,PF_NE2022,234,8/22/2022,23,0,,,0,,,22.07,
PF,PF_NE2022,PF_NE2022,235,8/23/2022,0,0,,,0,,,21.13,
PF,PF_NE2022,PF_NE2022,235,8/23/2022,1,0,,,0,,,20.38,
PF,PF_NE2022,PF_NE2022,235,8/23/2022,2,0,,,0,,,19.63,
PF,PF_NE2022,PF_NE2022,235,8/23/2022,3,0,,,0,,,18.87,
PF,PF_NE2022,PF_NE2022,235,8/23/2022,4,0,,,0,,,18.62,
PF,PF_NE2022,PF_NE2022,235,8/23/2022,5,0,,,0,,,18.37,
PF,PF_NE2022,PF_NE2022,235,8/23/2022,6,0,,,0,,,18.12,
PF,PF_NE2022,PF_NE2022,235,8/23/2022,7,0.4881024,,,0,,,20.57,
PF,PF_NE2022,PF_NE2022,235,8/23/2022,8,1.0187568,,,0,,,23.02,
PF,PF_NE2022,PF_NE2022,235,8/23/2022,9,1.5187428,,,0,,,25.47,
PF,PF_NE2022,PF_NE2022,235,8/23/2022,10,2.0570832,,,0,,,27.79,
PF,PF_NE2022,PF_NE2022,235,8/23/2022,11,2.5361856,,,0,,,30.11,
PF,PF_NE2022,PF_NE2022,235,8/23/2022,12,2.8714572,,,0,,,32.44,
PF,PF_NE2022,PF_NE2022,235,8/23/2022,13,3.0035376,,,0,,,33.08,
PF,PF_NE2022,PF_NE2022,235,8/23/2022,14,2.9099412,,,0,,,33.72,
PF,PF_NE2022,PF_NE2022,235,8/23/2022,15,2.6725284,,,0,,,34.36,
PF,PF_NE2022,PF_NE2022,235,8/23/2022,16,2.116782,,,0,,,33.76,
PF,PF_NE2022,PF_NE2022,235,8/23/2022,17,1.455318,,,0,,,33.15,
PF,PF_NE2022,PF_NE2022,235,8/23/2022,18,0.688608,,,0,,,32.54,
PF,PF_NE2022,PF_NE2022,235,8/23/2022,19,0.21888,,,0,,,29.77,
PF,PF_NE2022,PF_NE2022,235,8/23/2022,20,0,,,0,,,27,
PF,PF_NE2022,PF_NE2022,235,8/23/2022,21,0,,,0,,,24.23,
PF,PF_NE2022,PF_NE2022,235,8/23/2022,22,0,,,0,,,23.15,
PF,PF_NE2022,PF_NE2022,235,8/23/2022,23,0,,,0,,,22.06,
PF,PF_NE2022,PF_NE2022,236,8/24/2022,0,0,,,0,,,20.98,
PF,PF_NE2022,PF_NE2022,236,8/24/2022,1,0,,,0,,,20.04,
PF,PF_NE2022,PF_NE2022,236,8/24/2022,2,0,,,0,,,19.1,
PF,PF_NE2022,PF_NE2022,236,8/24/2022,3,0,,,0,,,18.16,
PF,PF_NE2022,PF_NE2022,236,8/24/2022,4,0,,,0,,,17.39,
PF,PF_NE2022,PF_NE2022,236,8/24/2022,5,0,,,0,,,16.62,
PF,PF_NE2022,PF_NE2022,236,8/24/2022,6,0,,,0,,,15.84,
PF,PF_NE2022,PF_NE2022,236,8/24/2022,7,0.4758912,,,0,,,18.98,
PF,PF_NE2022,PF_NE2022,236,8/24/2022,8,1.0026036,,,0,,,22.12,
PF,PF_NE2022,PF_NE2022,236,8/24/2022,9,1.4980644,,,0,,,25.26,
PF,PF_NE2022,PF_NE2022,236,8/24/2022,10,2.0313252,,,0,,,27.57,
PF,PF_NE2022,PF_NE2022,236,8/24/2022,11,2.505546,,,0,,,29.87,
PF,PF_NE2022,PF_NE2022,236,8/24/2022,12,2.8329804,,,0,,,32.18,
PF,PF_NE2022,PF_NE2022,236,8/24/2022,13,2.9627712,,,0,,,32.82,
PF,PF_NE2022,PF_NE2022,236,8/24/2022,14,2.8690956,,,0,,,33.46,
PF,PF_NE2022,PF_NE2022,236,8/24/2022,15,2.6260308,,,0,,,34.1,
PF,PF_NE2022,PF_NE2022,236,8/24/2022,16,2.0768796,,,0,,,33.72,
PF,PF_NE2022,PF_NE2022,236,8/24/2022,17,1.423926,,,0,,,33.33,
PF,PF_NE2022,PF_NE2022,236,8/24/2022,18,0.6546816,,,0,,,32.95,
PF,PF_NE2022,PF_NE2022,236,8/24/2022,19,0.200016,,,0,,,30.42,
PF,PF_NE2022,PF_NE2022,236,8/24/2022,20,0,,,0,,,27.9,
PF,PF_NE2022,PF_NE2022,236,8/24/2022,21,0,,,0,,,25.37,
PF,PF_NE2022,PF_NE2022,236,8/24/2022,22,0,,,0,,,24.41,
PF,PF_NE2022,PF_NE2022,236,8/24/2022,23,0,,,0,,,23.45,
PF,PF_NE2022,PF_NE2022,237,8/25/2022,0,0,,,0,,,22.49,
PF,PF_NE2022,PF_NE2022,237,8/25/2022,1,0,,,0,,,21.65,
PF,PF_NE2022,PF_NE2022,237,8/25/2022,2,0,,,0,,,20.81,
PF,PF_NE2022,PF_NE2022,237,8/25/2022,3,0,,,0,,,19.96,
PF,PF_NE2022,PF_NE2022,237,8/25/2022,4,0,,,0,,,19.36,
PF,PF_NE2022,PF_NE2022,237,8/25/2022,5,0,,,0,,,18.75,
PF,PF_NE2022,PF_NE2022,237,8/25/2022,6,0,,,0,,,18.15,
PF,PF_NE2022,PF_NE2022,237,8/25/2022,7,0.4639104,,,0,,,20.88,
PF,PF_NE2022,PF_NE2022,237,8/25/2022,8,0.9865908,,,0,,,23.61,
PF,PF_NE2022,PF_NE2022,237,8/25/2022,9,1.4595732,,,0,,,26.34,
PF,PF_NE2022,PF_NE2022,237,8/25/2022,10,1.9812276,,,0,,,28.59,
PF,PF_NE2022,PF_NE2022,237,8/25/2022,11,2.4448896,,,0,,,30.83,
PF,PF_NE2022,PF_NE2022,237,8/25/2022,12,2.7308664,,,0,,,33.08,
PF,PF_NE2022,PF_NE2022,237,8/25/2022,13,2.8553796,,,0,,,33.64,
PF,PF_NE2022,PF_NE2022,237,8/25/2022,14,2.7638172,,,0,,,34.2,
PF,PF_NE2022,PF_NE2022,237,8/25/2022,15,2.526804,,,0,,,34.76,
PF,PF_NE2022,PF_NE2022,237,8/25/2022,16,1.9954224,,,0,,,34.37,
PF,PF_NE2022,PF_NE2022,237,8/25/2022,17,1.3641228,,,0,,,33.98,
PF,PF_NE2022,PF_NE2022,237,8/25/2022,18,0.7148736,,,0,,,33.59,
PF,PF_NE2022,PF_NE2022,237,8/25/2022,19,0.2091744,,,0,,,30.97,
PF,PF_NE2022,PF_NE2022,237,8/25/2022,20,0,,,0,,,28.35,
PF,PF_NE2022,PF_NE2022,237,8/25/2022,21,0,,,0,,,25.73,
PF,PF_NE2022,PF_NE2022,237,8/25/2022,22,0,,,0,,,24.82,
PF,PF_NE2022,PF_NE2022,237,8/25/2022,23,0,,,0,,,23.9,
PF,PF_NE2022,PF_NE2022,238,8/26/2022,0,0,,,0,,,22.99,
PF,PF_NE2022,PF_NE2022,238,8/26/2022,1,0,,,0,,,22.36,
PF,PF_NE2022,PF_NE2022,238,8/26/2022,2,0,,,0,,,21.72,
PF,PF_NE2022,PF_NE2022,238,8/26/2022,3,0,,,0,,,21.09,
PF,PF_NE2022,PF_NE2022,238,8/26/2022,4,0,,,0,,,20.68,
PF,PF_NE2022,PF_NE2022,238,8/26/2022,5,0,,,0,,,20.28,
PF,PF_NE2022,PF_NE2022,238,8/26/2022,6,0,,,0,,,19.87,
PF,PF_NE2022,PF_NE2022,238,8/26/2022,7,0.4545504,,,0,,,22.62,
PF,PF_NE2022,PF_NE2022,238,8/26/2022,8,0.9762048,,,0,,,25.37,
PF,PF_NE2022,PF_NE2022,238,8/26/2022,9,1.4744952,,,0,,,28.12,
PF,PF_NE2022,PF_NE2022,238,8/26/2022,10,2.0037096,,,0,,,30.18,
PF,PF_NE2022,PF_NE2022,238,8/26/2022,11,2.4737076,,,0,,,32.25,
PF,PF_NE2022,PF_NE2022,238,8/26/2022,12,2.7725976,,,0,,,34.31,
PF,PF_NE2022,PF_NE2022,238,8/26/2022,13,2.8984572,,,0,,,34.79,
PF,PF_NE2022,PF_NE2022,238,8/26/2022,14,2.8041156,,,0,,,35.26,
PF,PF_NE2022,PF_NE2022,238,8/26/2022,15,2.2993596,,,0,,,35.74,
PF,PF_NE2022,PF_NE2022,238,8/26/2022,16,1.8130068,,,0,,,34.89,
PF,PF_NE2022,PF_NE2022,238,8/26/2022,17,1.2357036,,,0,,,34.03,
PF,PF_NE2022,PF_NE2022,238,8/26/2022,18,0.601344,,,0,,,33.18,
PF,PF_NE2022,PF_NE2022,238,8/26/2022,19,0.1678176,,,0,,,31.41,
PF,PF_NE2022,PF_NE2022,238,8/26/2022,20,0,,,0,,,29.65,
PF,PF_NE2022,PF_NE2022,238,8/26/2022,21,0,,,0,,,27.89,
PF,PF_NE2022,PF_NE2022,238,8/26/2022,22,0,,,0,,,26.95,
PF,PF_NE2022,PF_NE2022,238,8/26/2022,23,0,,,0,,,26.01,
PF,PF_NE2022,PF_NE2022,239,8/27/2022,0,0,,,0,,,25.08,
PF,PF_NE2022,PF_NE2022,239,8/27/2022,1,0,,,0,,,24.25,
PF,PF_NE2022,PF_NE2022,239,8/27/2022,2,0,,,0,,,23.42,
PF,PF_NE2022,PF_NE2022,239,8/27/2022,3,0,,,0,,,22.59,
PF,PF_NE2022,PF_NE2022,239,8/27/2022,4,0,,,1.3,,,21.9,
PF,PF_NE2022,PF_NE2022,239,8/27/2022,5,0,,,0,,,21.22,
PF,PF_NE2022,PF_NE2022,239,8/27/2022,6,0,,,0,,,20.53,
PF,PF_NE2022,PF_NE2022,239,8/27/2022,7,0.4418496,,,0,,,22.3,
PF,PF_NE2022,PF_NE2022,239,8/27/2022,8,0.9584352,,,0,,,24.07,
PF,PF_NE2022,PF_NE2022,239,8/27/2022,9,1.40724,,,0,,,25.83,
PF,PF_NE2022,PF_NE2022,239,8/27/2022,10,1.9144152,,,0,,,27.75,
PF,PF_NE2022,PF_NE2022,239,8/27/2022,11,2.3645124,,,0,,,29.67,
PF,PF_NE2022,PF_NE2022,239,8/27/2022,12,2.773206,,,0,,,31.58,
PF,PF_NE2022,PF_NE2022,239,8/27/2022,13,2.8984572,,,0,,,32.61,
PF,PF_NE2022,PF_NE2022,239,8/27/2022,14,2.8027188,,,0,,,33.63,
PF,PF_NE2022,PF_NE2022,239,8/27/2022,15,2.5667064,,,0,,,34.65,
PF,PF_NE2022,PF_NE2022,239,8/27/2022,16,2.0205864,,,0,,,34.48,
PF,PF_NE2022,PF_NE2022,239,8/27/2022,17,1.373022,,,0,,,34.31,
PF,PF_NE2022,PF_NE2022,239,8/27/2022,18,0.6152256,,,0,,,34.14,
PF,PF_NE2022,PF_NE2022,239,8/27/2022,19,0.1629504,,,0,,,31.39,
PF,PF_NE2022,PF_NE2022,239,8/27/2022,20,0,,,0,,,28.64,
PF,PF_NE2022,PF_NE2022,239,8/27/2022,21,0,,,0,,,25.9,
PF,PF_NE2022,PF_NE2022,239,8/27/2022,22,0,,,0,,,24.88,
PF,PF_NE2022,PF_NE2022,239,8/27/2022,23,0,,,0,,,23.86,
PF,PF_NE2022,PF_NE2022,240,8/28/2022,0,0,,,0,,,22.84,
PF,PF_NE2022,PF_NE2022,240,8/28/2022,1,0,,,0,,,21.89,
PF,PF_NE2022,PF_NE2022,240,8/28/2022,2,0,,,0,,,20.94,
PF,PF_NE2022,PF_NE2022,240,8/28/2022,3,0,,,0,,,19.99,
PF,PF_NE2022,PF_NE2022,240,8/28/2022,4,0,,,0,,,19.29,
PF,PF_NE2022,PF_NE2022,240,8/28/2022,5,0,,,0,,,18.6,
PF,PF_NE2022,PF_NE2022,240,8/28/2022,6,0,,,0,,,17.9,
PF,PF_NE2022,PF_NE2022,240,8/28/2022,7,0.4473504,,,0,,,20.82,
PF,PF_NE2022,PF_NE2022,240,8/28/2022,8,0.980442,,,0,,,23.75,
PF,PF_NE2022,PF_NE2022,240,8/28/2022,9,1.4857416,,,0,,,26.67,
PF,PF_NE2022,PF_NE2022,240,8/28/2022,10,2.0234736,,,0,,,30.34,
PF,PF_NE2022,PF_NE2022,240,8/28/2022,11,2.5002684,,,0,,,34.01,
PF,PF_NE2022,PF_NE2022,240,8/28/2022,12,2.8294272,,,0,,,37.68,
PF,PF_NE2022,PF_NE2022,240,8/28/2022,13,2.956572,,,0,,,38.23,
PF,PF_NE2022,PF_NE2022,240,8/28/2022,14,2.8574568,,,0,,,38.78,
PF,PF_NE2022,PF_NE2022,240,8/28/2022,15,2.6019612,,,0,,,39.33,
PF,PF_NE2022,PF_NE2022,240,8/28/2022,16,2.0450088,,,0,,,38.66,
PF,PF_NE2022,PF_NE2022,240,8/28/2022,17,1.385262,,,0,,,37.99,
PF,PF_NE2022,PF_NE2022,240,8/28/2022,18,0.6158592,,,0,,,37.32,
PF,PF_NE2022,PF_NE2022,240,8/28/2022,19,0.1539648,,,0,,,34.7,
PF,PF_NE2022,PF_NE2022,240,8/28/2022,20,0,,,0,,,32.08,
PF,PF_NE2022,PF_NE2022,240,8/28/2022,21,0,,,0,,,29.47,
PF,PF_NE2022,PF_NE2022,240,8/28/2022,22,0,,,0,,,27.73,
PF,PF_NE2022,PF_NE2022,240,8/28/2022,23,0,,,0,,,25.99,
PF,PF_NE2022,PF_NE2022,241,8/29/2022,0,0,,,0,,,24.25,
PF,PF_NE2022,PF_NE2022,241,8/29/2022,1,0,,,0,,,22.91,
PF,PF_NE2022,PF_NE2022,241,8/29/2022,2,0,,,0,,,21.57,
PF,PF_NE2022,PF_NE2022,241,8/29/2022,3,0,,,0,,,20.24,
PF,PF_NE2022,PF_NE2022,241,8/29/2022,4,0,,,0,,,19.2,
PF,PF_NE2022,PF_NE2022,241,8/29/2022,5,0,,,0,,,18.16,
PF,PF_NE2022,PF_NE2022,241,8/29/2022,6,0,,,0,,,17.13,
PF,PF_NE2022,PF_NE2022,241,8/29/2022,7,0.4318272,,,0,,,19.66,
PF,PF_NE2022,PF_NE2022,241,8/29/2022,8,0.9564552,,,0,,,22.2,
PF,PF_NE2022,PF_NE2022,241,8/29/2022,9,1.4571324,,,0,,,24.74,
PF,PF_NE2022,PF_NE2022,241,8/29/2022,10,1.986696,,,0,,,27.11,
PF,PF_NE2022,PF_NE2022,241,8/29/2022,11,2.4559416,,,0,,,29.48,
PF,PF_NE2022,PF_NE2022,241,8/29/2022,12,2.7864576,,,0,,,31.85,
PF,PF_NE2022,PF_NE2022,241,8/29/2022,13,2.9109888,,,0,,,32.5,
PF,PF_NE2022,PF_NE2022,241,8/29/2022,14,2.8118916,,,0,,,33.14,
PF,PF_NE2022,PF_NE2022,241,8/29/2022,15,2.5623828,,,0,,,33.79,
PF,PF_NE2022,PF_NE2022,241,8/29/2022,16,2.0105424,,,0,,,33.38,
PF,PF_NE2022,PF_NE2022,241,8/29/2022,17,1.3574952,,,0,,,32.97,
PF,PF_NE2022,PF_NE2022,241,8/29/2022,18,0.5913504,,,0,,,32.56,
PF,PF_NE2022,PF_NE2022,241,8/29/2022,19,0.1386144,,,0,,,29.66,
PF,PF_NE2022,PF_NE2022,241,8/29/2022,20,0,,,0,,,26.77,
PF,PF_NE2022,PF_NE2022,241,8/29/2022,21,0,,,0,,,23.88,
PF,PF_NE2022,PF_NE2022,241,8/29/2022,22,0,,,0,,,22.8,
PF,PF_NE2022,PF_NE2022,241,8/29/2022,23,0,,,0,,,21.72,
PF,PF_NE2022,PF_NE2022,242,8/30/2022,0,0,,,0,,,20.64,
PF,PF_NE2022,PF_NE2022,242,8/30/2022,1,0,,,0,,,19.51,
PF,PF_NE2022,PF_NE2022,242,8/30/2022,2,0,,,0,,,18.38,
PF,PF_NE2022,PF_NE2022,242,8/30/2022,3,0,,,0,,,17.24,
PF,PF_NE2022,PF_NE2022,242,8/30/2022,4,0,,,0,,,17.09,
PF,PF_NE2022,PF_NE2022,242,8/30/2022,5,0,,,0,,,16.94,
PF,PF_NE2022,PF_NE2022,242,8/30/2022,6,0,,,0,,,16.79,
PF,PF_NE2022,PF_NE2022,242,8/30/2022,7,0.427968,,,0,,,19.33,
PF,PF_NE2022,PF_NE2022,242,8/30/2022,8,0.9582336,,,0,,,21.87,
PF,PF_NE2022,PF_NE2022,242,8/30/2022,9,1.4594544,,,0,,,24.42,
PF,PF_NE2022,PF_NE2022,242,8/30/2022,10,1.992078,,,0,,,26.73,
PF,PF_NE2022,PF_NE2022,242,8/30/2022,11,2.4636564,,,0,,,29.05,
PF,PF_NE2022,PF_NE2022,242,8/30/2022,12,2.7940212,,,0,,,31.36,
PF,PF_NE2022,PF_NE2022,242,8/30/2022,13,2.9182608,,,0,,,32.12,
PF,PF_NE2022,PF_NE2022,242,8/30/2022,14,2.8173168,,,0,,,32.89,
PF,PF_NE2022,PF_NE2022,242,8/30/2022,15,2.5628724,,,0,,,33.65,
PF,PF_NE2022,PF_NE2022,242,8/30/2022,16,2.0075652,,,0,,,33.29,
PF,PF_NE2022,PF_NE2022,242,8/30/2022,17,1.3509288,,,0,,,32.93,
PF,PF_NE2022,PF_NE2022,242,8/30/2022,18,0.5715648,,,0,,,32.56,
PF,PF_NE2022,PF_NE2022,242,8/30/2022,19,0.1246176,,,0,,,30.19,
PF,PF_NE2022,PF_NE2022,242,8/30/2022,20,0,,,0,,,27.81,
PF,PF_NE2022,PF_NE2022,242,8/30/2022,21,0,,,0,,,25.43,
PF,PF_NE2022,PF_NE2022,242,8/30/2022,22,0,,,0,,,24.47,
PF,PF_NE2022,PF_NE2022,242,8/30/2022,23,0,,,0,,,23.51,
PF,PF_NE2022,PF_NE2022,243,8/31/2022,0,0,,,0,,,22.55,
PF,PF_NE2022,PF_NE2022,243,8/31/2022,1,0,,,0,,,21.97,
PF,PF_NE2022,PF_NE2022,243,8/31/2022,2,0,,,0,,,21.4,
PF,PF_NE2022,PF_NE2022,243,8/31/2022,3,0,,,0,,,20.82,
PF,PF_NE2022,PF_NE2022,243,8/31/2022,4,0,,,0,,,20.3,
PF,PF_NE2022,PF_NE2022,243,8/31/2022,5,0,,,0,,,19.78,
PF,PF_NE2022,PF_NE2022,243,8/31/2022,6,0,,,0,,,19.26,
PF,PF_NE2022,PF_NE2022,243,8/31/2022,7,0.4131072,,,0,,,21.87,
PF,PF_NE2022,PF_NE2022,243,8/31/2022,8,0.9353988,,,0,,,24.48,
PF,PF_NE2022,PF_NE2022,243,8/31/2022,9,1.4369868,,,0,,,27.08,
PF,PF_NE2022,PF_NE2022,243,8/31/2022,10,1.9636272,,,0,,,29.79,
PF,PF_NE2022,PF_NE2022,243,8/31/2022,11,2.429604,,,0,,,32.49,
PF,PF_NE2022,PF_NE2022,243,8/31/2022,12,2.7526572,,,0,,,35.19,
PF,PF_NE2022,PF_NE2022,243,8/31/2022,13,2.874294,,,0,,,35.59,
PF,PF_NE2022,PF_NE2022,243,8/31/2022,14,2.7733752,,,4.3,,,36,
PF,PF_NE2022,PF_NE2022,243,8/31/2022,15,2.50875,,,0,,,36.41,
PF,PF_NE2022,PF_NE2022,243,8/31/2022,16,1.9617336,,,0,,,35.81,
PF,PF_NE2022,PF_NE2022,243,8/31/2022,17,1.315602,,,0,,,35.22,
PF,PF_NE2022,PF_NE2022,243,8/31/2022,18,0.5134176,,,0,,,34.63,
PF,PF_NE2022,PF_NE2022,243,8/31/2022,19,0.1016352,,,0,,,31.89,
PF,PF_NE2022,PF_NE2022,243,8/31/2022,20,0,,,0,,,29.15,
PF,PF_NE2022,PF_NE2022,243,8/31/2022,21,0,,,0,,,26.4,
PF,PF_NE2022,PF_NE2022,243,8/31/2022,22,0,,,0,,,25.39,
PF,PF_NE2022,PF_NE2022,243,8/31/2022,23,0,,,0,,,24.38,
PF,PF_NE2022,PF_NE2022,244,9/1/2022,0,0,,,0,,,23.36,
PF,PF_NE2022,PF_NE2022,244,9/1/2022,1,0,,,0,,,22.46,
PF,PF_NE2022,PF_NE2022,244,9/1/2022,2,0,,,0,,,21.56,
PF,PF_NE2022,PF_NE2022,244,9/1/2022,3,0,,,0,,,20.66,
PF,PF_NE2022,PF_NE2022,244,9/1/2022,4,0,,,0,,,20.16,
PF,PF_NE2022,PF_NE2022,244,9/1/2022,5,0,,,0,,,19.65,
PF,PF_NE2022,PF_NE2022,244,9/1/2022,6,0,,,0,,,19.15,
PF,PF_NE2022,PF_NE2022,244,9/1/2022,7,0.3693888,,,0,,,21.63,
PF,PF_NE2022,PF_NE2022,244,9/1/2022,8,0.84609,,,0,,,24.12,
PF,PF_NE2022,PF_NE2022,244,9/1/2022,9,1.4285916,,,0,,,26.61,
PF,PF_NE2022,PF_NE2022,244,9/1/2022,10,1.9287612,,,0,,,29.1,
PF,PF_NE2022,PF_NE2022,244,9/1/2022,11,2.3659344,,,0,,,31.59,
PF,PF_NE2022,PF_NE2022,244,9/1/2022,12,2.6228556,,,0,,,34.07,
PF,PF_NE2022,PF_NE2022,244,9/1/2022,13,2.7495036,,,0,,,34.6,
PF,PF_NE2022,PF_NE2022,244,9/1/2022,14,2.6804628,,,0,,,35.14,
PF,PF_NE2022,PF_NE2022,244,9/1/2022,15,2.3895972,,,0,,,35.67,
PF,PF_NE2022,PF_NE2022,244,9/1/2022,16,1.8711756,,,0,,,35.26,
PF,PF_NE2022,PF_NE2022,244,9/1/2022,17,1.2855492,,,0,,,34.85,
PF,PF_NE2022,PF_NE2022,244,9/1/2022,18,0.5029632,,,0,,,34.45,
PF,PF_NE2022,PF_NE2022,244,9/1/2022,19,0.0906048,,,0,,,31.77,
PF,PF_NE2022,PF_NE2022,244,9/1/2022,20,0,,,0,,,29.09,
PF,PF_NE2022,PF_NE2022,244,9/1/2022,21,0,,,0,,,26.41,
PF,PF_NE2022,PF_NE2022,244,9/1/2022,22,0,,,0,,,25.4,
PF,PF_NE2022,PF_NE2022,244,9/1/2022,23,0,,,0,,,24.39,
PF,PF_NE2022,PF_NE2022,245,9/2/2022,0,0,,,0,,,23.37,
PF,PF_NE2022,PF_NE2022,245,9/2/2022,1,0,,,0,,,22.44,
PF,PF_NE2022,PF_NE2022,245,9/2/2022,2,0,,,0,,,21.51,
PF,PF_NE2022,PF_NE2022,245,9/2/2022,3,0,,,0,,,20.58,
PF,PF_NE2022,PF_NE2022,245,9/2/2022,4,0,,,0,,,20.07,
PF,PF_NE2022,PF_NE2022,245,9/2/2022,5,0,,,0,,,19.56,
PF,PF_NE2022,PF_NE2022,245,9/2/2022,6,0,,,0,,,19.05,
PF,PF_NE2022,PF_NE2022,245,9/2/2022,7,0.3568896,,,0,,,21.9,
PF,PF_NE2022,PF_NE2022,245,9/2/2022,8,0.8272296,,,0,,,24.75,
PF,PF_NE2022,PF_NE2022,245,9/2/2022,9,1.353222,,,0,,,27.59,
PF,PF_NE2022,PF_NE2022,245,9/2/2022,10,1.8291888,,,0,,,30.64,
PF,PF_NE2022,PF_NE2022,245,9/2/2022,11,2.24469,,,0,,,33.68,
PF,PF_NE2022,PF_NE2022,245,9/2/2022,12,2.6181504,,,0,,,36.73,
PF,PF_NE2022,PF_NE2022,245,9/2/2022,13,2.7438948,,,0,,,37.51,
PF,PF_NE2022,PF_NE2022,245,9/2/2022,14,2.6733744,,,0,,,38.29,
PF,PF_NE2022,PF_NE2022,245,9/2/2022,15,2.372328,,,0,,,39.07,
PF,PF_NE2022,PF_NE2022,245,9/2/2022,16,1.8542556,,,0,,,38.37,
PF,PF_NE2022,PF_NE2022,245,9/2/2022,17,1.2692952,,,0,,,37.67,
PF,PF_NE2022,PF_NE2022,245,9/2/2022,18,0.4900032,,,0,,,36.98,
PF,PF_NE2022,PF_NE2022,245,9/2/2022,19,0.079056,,,0,,,33.8,
PF,PF_NE2022,PF_NE2022,245,9/2/2022,20,0,,,0,,,30.62,
PF,PF_NE2022,PF_NE2022,245,9/2/2022,21,0,,,0,,,27.44,
PF,PF_NE2022,PF_NE2022,245,9/2/2022,22,0,,,0,,,26.03,
PF,PF_NE2022,PF_NE2022,245,9/2/2022,23,0,,,0,,,24.63,
PF,PF_NE2022,PF_NE2022,246,9/3/2022,0,0,,,0,,,23.22,
PF,PF_NE2022,PF_NE2022,246,9/3/2022,1,0,,,0,,,21.94,
PF,PF_NE2022,PF_NE2022,246,9/3/2022,2,0,,,0,,,20.66,
PF,PF_NE2022,PF_NE2022,246,9/3/2022,3,0,,,0,,,19.38,
PF,PF_NE2022,PF_NE2022,246,9/3/2022,4,0,,,0,,,18.45,
PF,PF_NE2022,PF_NE2022,246,9/3/2022,5,0,,,0,,,17.51,
PF,PF_NE2022,PF_NE2022,246,9/3/2022,6,0,,,0,,,16.58,
PF,PF_NE2022,PF_NE2022,246,9/3/2022,7,0.356688,,,0,,,18.72,
PF,PF_NE2022,PF_NE2022,246,9/3/2022,8,0.836964,,,0,,,20.86,
PF,PF_NE2022,PF_NE2022,246,9/3/2022,9,1.4213016,,,0,,,23,
PF,PF_NE2022,PF_NE2022,246,9/3/2022,10,1.923354,,,0,,,25.51,
PF,PF_NE2022,PF_NE2022,246,9/3/2022,11,2.361312,,,0,,,28.03,
PF,PF_NE2022,PF_NE2022,246,9/3/2022,12,2.6260236,,,0,,,30.54,
PF,PF_NE2022,PF_NE2022,246,9/3/2022,13,2.7514224,,,0,,,31.26,
PF,PF_NE2022,PF_NE2022,246,9/3/2022,14,2.6790948,,,0,,,31.98,
PF,PF_NE2022,PF_NE2022,246,9/3/2022,15,2.3907276,,,0,,,32.7,
PF,PF_NE2022,PF_NE2022,246,9/3/2022,16,1.8651096,,,0,,,31.92,
PF,PF_NE2022,PF_NE2022,246,9/3/2022,17,1.2719808,,,0,,,31.13,
PF,PF_NE2022,PF_NE2022,246,9/3/2022,18,0.4813632,,,0,,,30.35,
PF,PF_NE2022,PF_NE2022,246,9/3/2022,19,0.0681408,,,0,,,27.33,
PF,PF_NE2022,PF_NE2022,246,9/3/2022,20,0,,,0,,,24.3,
PF,PF_NE2022,PF_NE2022,246,9/3/2022,21,0,,,0,,,21.28,
PF,PF_NE2022,PF_NE2022,246,9/3/2022,22,0,,,0,,,20.09,
PF,PF_NE2022,PF_NE2022,246,9/3/2022,23,0,,,0,,,18.9,
PF,PF_NE2022,PF_NE2022,247,9/4/2022,0,0,,,0,,,17.71,
PF,PF_NE2022,PF_NE2022,247,9/4/2022,1,0,,,0,,,16.65,
PF,PF_NE2022,PF_NE2022,247,9/4/2022,2,0,,,0,,,15.6,
PF,PF_NE2022,PF_NE2022,247,9/4/2022,3,0,,,0,,,14.54,
PF,PF_NE2022,PF_NE2022,247,9/4/2022,4,0,,,0,,,13.82,
PF,PF_NE2022,PF_NE2022,247,9/4/2022,5,0,,,0,,,13.11,
PF,PF_NE2022,PF_NE2022,247,9/4/2022,6,0,,,0,,,12.39,
PF,PF_NE2022,PF_NE2022,247,9/4/2022,7,0.3541824,,,0,,,15.26,
PF,PF_NE2022,PF_NE2022,247,9/4/2022,8,0.8416296,,,0,,,18.14,
PF,PF_NE2022,PF_NE2022,247,9/4/2022,9,1.4312808,,,0,,,21.01,
PF,PF_NE2022,PF_NE2022,247,9/4/2022,10,1.9391184,,,0,,,23.74,
PF,PF_NE2022,PF_NE2022,247,9/4/2022,11,2.3817096,,,0,,,26.48,
PF,PF_NE2022,PF_NE2022,247,9/4/2022,12,2.6504208,,,0,,,29.21,
PF,PF_NE2022,PF_NE2022,247,9/4/2022,13,2.7762156,,,0,,,30.31,
PF,PF_NE2022,PF_NE2022,247,9/4/2022,14,2.7016812,,,0,,,31.42,
PF,PF_NE2022,PF_NE2022,247,9/4/2022,15,2.4143688,,,0,,,32.52,
PF,PF_NE2022,PF_NE2022,247,9/4/2022,16,1.8799704,,,0,,,31.89,
PF,PF_NE2022,PF_NE2022,247,9/4/2022,17,1.2772224,,,0,,,31.25,
PF,PF_NE2022,PF_NE2022,247,9/4/2022,18,0.4670496,,,0,,,30.61,
PF,PF_NE2022,PF_NE2022,247,9/4/2022,19,0.0563904,,,0,,,27.68,
PF,PF_NE2022,PF_NE2022,247,9/4/2022,20,0,,,0,,,24.76,
PF,PF_NE2022,PF_NE2022,247,9/4/2022,21,0,,,0,,,21.83,
PF,PF_NE2022,PF_NE2022,247,9/4/2022,22,0,,,0,,,20.86,
PF,PF_NE2022,PF_NE2022,247,9/4/2022,23,0,,,0,,,19.9,
PF,PF_NE2022,PF_NE2022,248,9/5/2022,0,0,,,0,,,18.93,
PF,PF_NE2022,PF_NE2022,248,9/5/2022,1,0,,,0,,,17.93,
PF,PF_NE2022,PF_NE2022,248,9/5/2022,2,0,,,0,,,16.93,
PF,PF_NE2022,PF_NE2022,248,9/5/2022,3,0,,,0,,,15.93,
PF,PF_NE2022,PF_NE2022,248,9/5/2022,4,0,,,0,,,15.23,
PF,PF_NE2022,PF_NE2022,248,9/5/2022,5,0,,,0,,,14.53,
PF,PF_NE2022,PF_NE2022,248,9/5/2022,6,0,,,0,,,13.83,
PF,PF_NE2022,PF_NE2022,248,9/5/2022,7,0.343584,,,0,,,16.94,
PF,PF_NE2022,PF_NE2022,248,9/5/2022,8,0.827136,,,0,,,20.04,
PF,PF_NE2022,PF_NE2022,248,9/5/2022,9,1.411182,,,0,,,23.14,
PF,PF_NE2022,PF_NE2022,248,9/5/2022,10,1.9142244,,,0,,,26.21,
PF,PF_NE2022,PF_NE2022,248,9/5/2022,11,2.3520744,,,0,,,29.27,
PF,PF_NE2022,PF_NE2022,248,9/5/2022,12,2.6095752,,,0,,,32.34,
PF,PF_NE2022,PF_NE2022,248,9/5/2022,13,2.732616,,,0,,,33.4,
PF,PF_NE2022,PF_NE2022,248,9/5/2022,14,2.6574912,,,0,,,34.47,
PF,PF_NE2022,PF_NE2022,248,9/5/2022,15,2.3505228,,,0,,,35.54,
PF,PF_NE2022,PF_NE2022,248,9/5/2022,16,1.8266652,,,0,,,34.85,
PF,PF_NE2022,PF_NE2022,248,9/5/2022,17,1.236096,,,0,,,34.17,
PF,PF_NE2022,PF_NE2022,248,9/5/2022,18,0.442368,,,0,,,33.48,
PF,PF_NE2022,PF_NE2022,248,9/5/2022,19,0.0436608,,,0,,,30.37,
PF,PF_NE2022,PF_NE2022,248,9/5/2022,20,0,,,0,,,27.27,
PF,PF_NE2022,PF_NE2022,248,9/5/2022,21,0,,,0,,,24.16,
PF,PF_NE2022,PF_NE2022,248,9/5/2022,22,0,,,0,,,23.18,
PF,PF_NE2022,PF_NE2022,248,9/5/2022,23,0,,,0,,,22.21,
PF,PF_NE2022,PF_NE2022,249,9/6/2022,0,0,,,0,,,21.23,
PF,PF_NE2022,PF_NE2022,249,9/6/2022,1,0,,,0,,,20.51,
PF,PF_NE2022,PF_NE2022,249,9/6/2022,2,0,,,0,,,19.79,
PF,PF_NE2022,PF_NE2022,249,9/6/2022,3,0,,,0,,,19.08,
PF,PF_NE2022,PF_NE2022,249,9/6/2022,4,0,,,0,,,18.72,
PF,PF_NE2022,PF_NE2022,249,9/6/2022,5,0,,,0,,,18.36,
PF,PF_NE2022,PF_NE2022,249,9/6/2022,6,0,,,0,,,18.01,
PF,PF_NE2022,PF_NE2022,249,9/6/2022,7,0.3344832,,,0,,,20.98,
PF,PF_NE2022,PF_NE2022,249,9/6/2022,8,0.8162064,,,0,,,23.95,
PF,PF_NE2022,PF_NE2022,249,9/6/2022,9,1.3924152,,,0,,,26.92,
PF,PF_NE2022,PF_NE2022,249,9/6/2022,10,1.8909324,,,0,,,30.11,
PF,PF_NE2022,PF_NE2022,249,9/6/2022,11,2.3245884,,,0,,,33.3,
PF,PF_NE2022,PF_NE2022,249,9/6/2022,12,2.583342,,,0,,,36.49,
PF,PF_NE2022,PF_NE2022,249,9/6/2022,13,2.7044028,,,0,,,37.26,
PF,PF_NE2022,PF_NE2022,249,9/6/2022,14,2.6283924,,,0,,,38.03,
PF,PF_NE2022,PF_NE2022,249,9/6/2022,15,2.3193612,,,0,,,38.8,
PF,PF_NE2022,PF_NE2022,249,9/6/2022,16,1.7988156,,,0,,,38.29,
PF,PF_NE2022,PF_NE2022,249,9/6/2022,17,1.2123072,,,0,,,37.78,
PF,PF_NE2022,PF_NE2022,249,9/6/2022,18,0.4418496,,,0,,,37.27,
PF,PF_NE2022,PF_NE2022,249,9/6/2022,19,0.0333216,,,0,,,33.78,
PF,PF_NE2022,PF_NE2022,249,9/6/2022,20,0,,,0,,,30.29,
PF,PF_NE2022,PF_NE2022,249,9/6/2022,21,0,,,0,,,26.8,
PF,PF_NE2022,PF_NE2022,249,9/6/2022,22,0,,,0,,,25.7,
PF,PF_NE2022,PF_NE2022,249,9/6/2022,23,0,,,0,,,24.6,
PF,PF_NE2022,PF_NE2022,250,9/7/2022,0,0,,,0,,,23.5,
PF,PF_NE2022,PF_NE2022,250,9/7/2022,1,0,,,0,,,22.55,
PF,PF_NE2022,PF_NE2022,250,9/7/2022,2,0,,,0,,,21.6,
PF,PF_NE2022,PF_NE2022,250,9/7/2022,3,0,,,0,,,20.64,
PF,PF_NE2022,PF_NE2022,250,9/7/2022,4,0,,,0,,,20.19,
PF,PF_NE2022,PF_NE2022,250,9/7/2022,5,0,,,0,,,19.74,
PF,PF_NE2022,PF_NE2022,250,9/7/2022,6,0,,,0,,,19.3,
PF,PF_NE2022,PF_NE2022,250,9/7/2022,7,0.3352896,,,0,,,21.64,
PF,PF_NE2022,PF_NE2022,250,9/7/2022,8,0.8296884,,,0,,,23.99,
PF,PF_NE2022,PF_NE2022,250,9/7/2022,9,1.4104512,,,0,,,26.34,
PF,PF_NE2022,PF_NE2022,250,9/7/2022,10,1.9177452,,,0,,,29.62,
PF,PF_NE2022,PF_NE2022,250,9/7/2022,11,2.3585508,,,0,,,32.9,
PF,PF_NE2022,PF_NE2022,250,9/7/2022,12,2.6148132,,,0,,,36.18,
PF,PF_NE2022,PF_NE2022,250,9/7/2022,13,2.7364356,,,0,,,36.98,
PF,PF_NE2022,PF_NE2022,250,9/7/2022,14,2.6578188,,,0,,,37.78,
PF,PF_NE2022,PF_NE2022,250,9/7/2022,15,2.3404536,,,0,,,38.58,
PF,PF_NE2022,PF_NE2022,250,9/7/2022,16,1.8114624,,,0,,,37.75,
PF,PF_NE2022,PF_NE2022,250,9/7/2022,17,1.2157632,,,0,,,36.93,
PF,PF_NE2022,PF_NE2022,250,9/7/2022,18,0.4051008,,,0,,,36.1,
PF,PF_NE2022,PF_NE2022,250,9/7/2022,19,0.020592,,,0,,,32.98,
PF,PF_NE2022,PF_NE2022,250,9/7/2022,20,0,,,0,,,29.86,
PF,PF_NE2022,PF_NE2022,250,9/7/2022,21,0,,,0,,,26.73,
PF,PF_NE2022,PF_NE2022,250,9/7/2022,22,0,,,0,,,25.72,
PF,PF_NE2022,PF_NE2022,250,9/7/2022,23,0,,,0,,,24.71,
PF,PF_NE2022,PF_NE2022,251,9/8/2022,0,0,,,0,,,23.7,
PF,PF_NE2022,PF_NE2022,251,9/8/2022,1,0,,,0,,,22.67,
PF,PF_NE2022,PF_NE2022,251,9/8/2022,2,0,,,0,,,21.64,
PF,PF_NE2022,PF_NE2022,251,9/8/2022,3,0,,,0,,,20.61,
PF,PF_NE2022,PF_NE2022,251,9/8/2022,4,0,,,0,,,19.92,
PF,PF_NE2022,PF_NE2022,251,9/8/2022,5,0,,,0,,,19.24,
PF,PF_NE2022,PF_NE2022,251,9/8/2022,6,0,,,0,,,18.55,
PF,PF_NE2022,PF_NE2022,251,9/8/2022,7,0.3203136,,,0,,,21.23,
PF,PF_NE2022,PF_NE2022,251,9/8/2022,8,0.8040852,,,0,,,23.92,
PF,PF_NE2022,PF_NE2022,251,9/8/2022,9,1.3910148,,,0,,,26.6,
PF,PF_NE2022,PF_NE2022,251,9/8/2022,10,1.8936612,,,0,,,30.22,
PF,PF_NE2022,PF_NE2022,251,9/8/2022,11,2.329956,,,0,,,33.84,
PF,PF_NE2022,PF_NE2022,251,9/8/2022,12,2.5805124,,,0,,,37.47,
PF,PF_NE2022,PF_NE2022,251,9/8/2022,13,2.699694,,,0,,,38.29,
PF,PF_NE2022,PF_NE2022,251,9/8/2022,14,2.6203572,,,0,,,39.12,
PF,PF_NE2022,PF_NE2022,251,9/8/2022,15,2.2987296,,,0,,,39.94,
PF,PF_NE2022,PF_NE2022,251,9/8/2022,16,1.7754336,,,0,,,39.05,
PF,PF_NE2022,PF_NE2022,251,9/8/2022,17,1.1865024,,,0,,,38.15,
PF,PF_NE2022,PF_NE2022,251,9/8/2022,18,0.3812832,,,0,,,37.26,
PF,PF_NE2022,PF_NE2022,251,9/8/2022,19,0.0094464,,,0,,,34.47,
PF,PF_NE2022,PF_NE2022,251,9/8/2022,20,0,,,0,,,31.69,
PF,PF_NE2022,PF_NE2022,251,9/8/2022,21,0,,,0,,,28.91,
PF,PF_NE2022,PF_NE2022,251,9/8/2022,22,0,,,0,,,27.24,
PF,PF_NE2022,PF_NE2022,251,9/8/2022,23,0,,,0,,,25.58,
PF,PF_NE2022,PF_NE2022,252,9/9/2022,0,0,,,0,,,23.92,
PF,PF_NE2022,PF_NE2022,252,9/9/2022,1,0,,,0,,,22.71,
PF,PF_NE2022,PF_NE2022,252,9/9/2022,2,0,,,0,,,21.49,
PF,PF_NE2022,PF_NE2022,252,9/9/2022,3,0,,,0,,,20.27,
PF,PF_NE2022,PF_NE2022,252,9/9/2022,4,0,,,0,,,18.46,
PF,PF_NE2022,PF_NE2022,252,9/9/2022,5,0,,,0,,,16.65,
PF,PF_NE2022,PF_NE2022,252,9/9/2022,6,0,,,0,,,14.84,
PF,PF_NE2022,PF_NE2022,252,9/9/2022,7,0.1803168,,,0.6,,,14.59,
PF,PF_NE2022,PF_NE2022,252,9/9/2022,8,0.4594644,,,0,,,14.34,
PF,PF_NE2022,PF_NE2022,252,9/9/2022,9,1.2828996,,,0,,,14.09,
PF,PF_NE2022,PF_NE2022,252,9/9/2022,10,1.7485884,,,0,,,16.26,
PF,PF_NE2022,PF_NE2022,252,9/9/2022,11,2.1524364,,,0,,,18.43,
PF,PF_NE2022,PF_NE2022,252,9/9/2022,12,2.518092,,,0,,,20.59,
PF,PF_NE2022,PF_NE2022,252,9/9/2022,13,2.6335944,,,0,,,21.53,
PF,PF_NE2022,PF_NE2022,252,9/9/2022,14,2.5544484,,,0,,,22.47,
PF,PF_NE2022,PF_NE2022,252,9/9/2022,15,2.2520844,,,0,,,23.41,
PF,PF_NE2022,PF_NE2022,252,9/9/2022,16,1.7356824,,,0,,,22.09,
PF,PF_NE2022,PF_NE2022,252,9/9/2022,17,1.1548224,,,0,,,20.76,
PF,PF_NE2022,PF_NE2022,252,9/9/2022,18,0.368784,,,0,,,19.44,
PF,PF_NE2022,PF_NE2022,252,9/9/2022,19,0,,,0,,,17.59,
PF,PF_NE2022,PF_NE2022,252,9/9/2022,20,0,,,0,,,15.74,
PF,PF_NE2022,PF_NE2022,252,9/9/2022,21,0,,,0,,,13.89,
PF,PF_NE2022,PF_NE2022,252,9/9/2022,22,0,,,0,,,13,
PF,PF_NE2022,PF_NE2022,252,9/9/2022,23,0,,,0,,,12.11,
PF,PF_NE2022,PF_NE2022,253,9/10/2022,0,0,,,0.9,,,11.22,
PF,PF_NE2022,PF_NE2022,253,9/10/2022,1,0,,,0,,,10.96,
PF,PF_NE2022,PF_NE2022,253,9/10/2022,2,0,,,0,,,10.69,
PF,PF_NE2022,PF_NE2022,253,9/10/2022,3,0,,,0.4,,,10.43,
PF,PF_NE2022,PF_NE2022,253,9/10/2022,4,0,,,0,,,10.45,
PF,PF_NE2022,PF_NE2022,253,9/10/2022,5,0,,,2.4,,,10.48,
PF,PF_NE2022,PF_NE2022,253,9/10/2022,6,0,,,0.6,,,10.5,
PF,PF_NE2022,PF_NE2022,253,9/10/2022,7,0.1054944,,,0,,,10.9,
PF,PF_NE2022,PF_NE2022,253,9/10/2022,8,0.272988,,,1.2,,,11.29,
PF,PF_NE2022,PF_NE2022,253,9/10/2022,9,0.5007672,,,0.5,,,11.69,
PF,PF_NE2022,PF_NE2022,253,9/10/2022,10,0.683352,,,0.3,,,12.61,
PF,PF_NE2022,PF_NE2022,253,9/10/2022,11,0.8415468,,,0,,,13.54,
PF,PF_NE2022,PF_NE2022,253,9/10/2022,12,1.6328664,,,0,,,14.47,
PF,PF_NE2022,PF_NE2022,253,9/10/2022,13,1.7072172,,,0,,,15.44,
PF,PF_NE2022,PF_NE2022,253,9/10/2022,14,1.6546824,,,0,,,16.42,
PF,PF_NE2022,PF_NE2022,253,9/10/2022,15,0.9209664,,,0.4,,,17.4,
PF,PF_NE2022,PF_NE2022,253,9/10/2022,16,0.7082784,,,0,,,16.94,
PF,PF_NE2022,PF_NE2022,253,9/10/2022,17,0.4690944,,,0,,,16.49,
PF,PF_NE2022,PF_NE2022,253,9/10/2022,18,0.2483424,,,0,,,16.03,
PF,PF_NE2022,PF_NE2022,253,9/10/2022,19,0,,,0,,,14.49,
PF,PF_NE2022,PF_NE2022,253,9/10/2022,20,0,,,0,,,12.95,
PF,PF_NE2022,PF_NE2022,253,9/10/2022,21,0,,,0,,,11.41,
PF,PF_NE2022,PF_NE2022,253,9/10/2022,22,0,,,0,,,10.72,
PF,PF_NE2022,PF_NE2022,253,9/10/2022,23,0,,,0,,,10.04,
